user_list,event_labled,event_referenced,event_mentioned,event_closed,event_event_assignee,event_event_assigner,event_review_requester,event_requested_reviewer
01-vyom,0,0,1,1,0,0,0,0
05hazza06,1,0,1,1,0,0,0,0
07rafix,1,0,0,1,0,0,0,0
1013801464,1,0,2,1,0,0,0,0
10ne1,0,0,0,0,0,0,0,0
1148330040,2,0,3,2,0,0,0,0
1148569762,1,0,1,0,0,0,0,0
1165628028,1,0,3,0,0,0,0,0
12o13,0,0,1,1,0,0,0,0
13564545AWq,1,0,0,0,0,0,0,0
158703127,1,0,1,0,0,0,0,0
1619513467,1,0,1,0,0,0,0,0
18jeffreyma,1,0,0,0,0,0,0,0
1advait,1,0,1,0,0,0,0,0
259mit,0,0,1,0,0,0,0,0
25thengineer,1,0,1,1,0,0,0,0
2vin2vin,1,0,4,1,0,0,0,0
40015569,0,0,3,0,0,0,0,0
438-gm-24,1,0,1,0,0,0,0,0
6368696a6961,0,0,2,1,0,0,0,0
777ki,0,0,1,0,0,0,0,0
77blackbird,1,0,2,0,0,0,0,0
7AM7,0,0,2,0,0,0,0,0
8549,1,0,3,0,0,0,0,0
876arham,2,0,3,0,0,0,0,0
888yyh,1,0,1,0,0,0,0,0
8bitmp3,0,0,11,0,0,0,0,1
9607835,1,0,1,1,0,0,0,0
9harshit,0,0,0,1,0,0,0,0
A1B2,2,0,1,0,0,0,0,0
ABHAY-05,1,0,1,0,0,0,0,0
AHSANFAROOQ1999,0,0,1,0,0,0,0,0
AI-Friend,1,0,3,0,0,0,0,0
AI-ML-Enthusiast,0,0,1,0,0,0,0,0
AIspeakeryhl,1,0,0,0,0,0,0,0
ALIANS-PRODUCTIONS,1,0,7,0,0,0,0,0
ALL,0,0,1,0,0,0,0,0
ANTASGUPTA,1,0,2,0,0,0,0,0
AR-fan,1,0,1,3,0,0,0,0
ARKAD97,1,0,0,0,0,0,0,0
Aakash-here,0,0,0,0,0,0,0,0
Abdelghafar-Refat,1,0,1,0,0,0,0,0
AbdullahMu,0,0,0,1,0,0,0,0
Abduttayyeb,0,0,1,0,0,0,0,0
AbeG13,1,0,1,1,0,0,0,0
AbhisekOmkar,2,0,2,2,0,0,0,0
AdamByerly,0,0,0,1,0,0,0,0
AdamHillier,3,0,2,0,0,0,0,0
AdamMiltonBarker,2,0,2,2,0,0,0,0
Adeesh2411,1,0,2,1,0,0,0,0
Adgoswa,1,0,1,0,0,0,0,0
Adhithya-tech,2,0,2,0,0,0,0,0
AdityaKane2001,4,5,45,2,2,0,4,0
AdityaNikhil,2,0,6,0,0,0,0,0
AhmadObeid,0,0,2,1,0,0,0,0
AiaHaruv,3,0,2,1,0,0,0,0
Aiman-Shivani,1,0,0,0,0,0,0,0
Akshaysehgal2005,0,0,3,0,0,0,0,0
AldrichCabrera,1,0,3,0,0,0,0,0
AlexanderMelde,1,0,0,0,0,0,0,0
Alexanderstaehle,1,0,2,0,0,0,0,0
AlexandreBourrieau,1,0,2,1,0,0,0,0
AlicanAKCA,1,0,0,1,0,0,0,0
Alok-Ranjan23,3,0,3,3,0,0,0,0
Amzo,1,0,4,0,0,0,0,0
AnastGerus,0,0,2,1,0,0,0,0
AndrewTheReese,1,0,1,0,0,0,0,0
Angry-Coder,0,0,1,0,0,0,0,0
Ankita-020696,1,0,0,0,0,0,0,0
AnnBkrv,1,0,1,0,0,0,0,0
AnranXu,1,0,0,1,0,0,0,0
Anthonyive,1,0,4,0,0,0,0,0
Antymon,0,0,2,0,0,0,0,0
Antzyx,1,0,2,1,0,0,0,0
Anuj040,1,0,3,0,0,0,0,0
AnushangaWimalasena,1,0,1,0,0,0,0,0
AraibKarim,1,0,1,1,0,0,0,0
Arghya999,0,0,2,1,0,0,0,0
ArimaValanImmanuel,1,0,2,0,0,0,0,0
AritroSaha10,1,0,1,0,0,0,0,0
ArmageddonKnight,0,3,0,0,0,0,0,0
Arman-IMRSV,1,0,1,0,0,0,0,0
ArniusOm,1,0,1,1,0,0,0,0
ArunaKote,3,0,8,1,0,0,0,0
AsherXian903,1,0,1,0,0,0,0,0
Ashitha97,1,0,1,0,0,0,0,0
Astrohaker,0,0,1,0,0,0,0,0
Atef-Magdy,0,0,0,2,0,0,0,0
Atharex,1,0,1,1,0,0,0,0
Ather23,0,2,1,0,0,0,1,0
August0424,1,0,0,0,0,0,0,0
AutoViML,0,0,2,0,0,0,0,0
AyanmoI,1,0,6,3,0,0,0,0
Ayesha-Julekha,1,0,2,1,0,0,0,0
Azmisov,1,0,0,0,0,0,0,0
Barleysack,1,0,2,1,0,0,0,0
Barshan-Mandal,0,0,2,0,0,0,0,0
BearNinja123,1,0,1,0,0,0,0,0
BeccaHuang,2,0,5,0,0,0,0,0
BenjaminChoou,1,0,1,2,0,0,0,0
BestSithInEU,1,0,0,1,0,0,0,0
Betai18n,1,0,1,0,0,0,0,0
Bharathi-A-7,1,0,5,1,0,0,0,0
Bilgee,1,0,3,0,0,0,0,0
BishmoyPaul,1,0,1,1,0,0,0,0
BlueskyFR,1,0,4,0,0,0,0,0
BogdanRuzh,1,0,1,0,0,0,0,0
Bonsen,0,0,0,1,0,0,0,0
Boya-Na,1,0,0,1,0,0,0,0
Bradley01429,0,1,0,0,0,0,1,0
BrianC42,1,0,1,1,0,0,0,0
BrianHwang,1,0,1,0,0,0,0,0
BryanCutler,0,0,0,0,0,0,0,0
BryanWBear,1,0,0,0,0,0,0,0
Burtininkas69,1,0,2,0,0,0,0,0
C-Compton,0,0,1,0,0,0,0,0
CHIMRLINUX,1,0,1,0,0,0,0,0
COfek,1,0,2,0,0,0,0,0
CalebEverett,1,0,3,0,0,0,0,0
CalendulaED,0,0,1,0,0,0,0,0
CaptainDP,2,0,1,0,0,0,0,0
CaptainDario,1,0,1,1,0,0,0,0
CaptainOrigami,1,0,1,0,0,0,0,0
CaptnJake,1,0,1,0,0,0,0,0
CarlosWilsonos,1,0,1,1,0,0,0,0
CarlosYeverino,2,0,0,1,0,0,0,0
ChWick,2,0,3,1,0,0,0,0
Chaosdrachin,1,0,0,1,0,0,0,0
CharlesSS07,2,0,3,0,0,0,0,0
Cheney-W,1,0,1,2,0,0,0,0
ChipKerchner,0,0,2,0,0,0,0,0
Chugua,2,0,1,2,0,0,0,0
Chuxel,0,0,2,0,0,0,0,0
ClarkChin08,1,0,6,0,0,0,0,0
CodeMonkey3435,3,0,3,3,0,0,0,0
CoderStone,2,0,0,0,0,0,0,0
Colin-Guolin,1,0,1,0,0,0,0,0
ColorfulCakeChen,1,0,0,1,0,0,0,0
Conchylicultor,0,0,1,0,0,0,0,0
Corneliuscob,1,0,1,1,0,0,0,0
Cospel,1,0,1,0,0,0,0,0
Cuids,1,0,2,0,0,0,0,0
Cy-r0,1,0,3,0,0,0,0,0
CyangXu,2,0,2,2,0,0,0,1
CyberCrack,1,0,0,0,0,0,0,0
Cyniikal,0,0,0,2,0,0,10,0
D-Katt,1,0,2,1,0,0,0,0
DCtheTall,1,0,0,0,0,0,0,0
DEKHTIARJonathan,2,1,26,3,0,0,0,0
DHOFM,2,0,3,0,0,0,0,0
DJJD17,1,0,3,0,0,0,0,0
DNXie,26,0,8,1,0,0,0,0
DabiaoMa,1,0,7,0,0,0,0,0
DachuanZhao,4,0,12,2,0,0,0,0
DaliaJaber,1,0,1,0,0,0,0,0
DanBmh,1,0,2,0,0,0,0,0
DanC6312,1,0,1,0,0,0,0,0
Daniel-YH-Cai,0,0,0,1,0,0,0,0
DanielMao2015,0,0,1,0,0,0,0,0
Danny4,1,0,1,0,0,0,0,0
DannyIsFunny,2,0,0,1,0,0,0,0
Dantas198,0,0,0,1,0,0,3,0
Daphneitec,1,0,1,0,0,0,0,0
DarshanDeshpande,2,0,1,3,0,0,0,0
DavidPal,1,0,1,1,1,0,0,1
Davidelvis,2,0,5,0,0,0,0,0
Davidy22,1,0,2,1,0,0,0,0
DemolationPeter,1,0,1,1,0,0,0,0
DenisUllmann,1,0,0,1,0,0,0,0
Derricktao,1,0,2,0,0,0,0,0
Dhaval-Jotaneeya,1,0,1,0,0,0,0,0
DhilipKumarDK,0,0,2,0,0,0,0,0
DiegoCao,1,0,0,0,0,0,0,0
Diyorbek0919,1,0,0,0,0,0,0,0
DoDoENT,0,0,1,0,0,0,0,0
Dockyin,1,0,5,0,0,0,0,0
DrAA,1,0,2,0,0,0,0,0
Dragon-GCS,1,0,4,0,0,0,0,0
DrraBL,1,0,3,0,0,0,0,0
Duskley,1,0,4,1,0,0,0,0
Duynguyen0897,1,0,4,1,0,0,0,0
Dwarakanadh-k,0,0,6,1,0,0,0,0
DwayneDuane,3,0,1,2,0,0,0,0
Ean244,1,0,1,0,0,0,0,0
Earl7Fx3,1,0,2,1,0,0,0,0
Ebanflo42,1,0,1,0,0,0,0,0
Echambouleyron,0,0,2,1,0,0,0,0
EdoardoBotta,0,0,1,0,0,0,0,0
EdouardDKP,1,0,3,1,0,0,0,0
EdwardVincentMa,1,0,2,0,0,0,0,0
EgodPrime,1,0,1,0,0,0,0,0
ElectroSkills-channel,1,0,1,1,0,0,0,0
EleonoreBarges,1,0,1,1,0,0,0,0
Ellie1013,1,0,2,0,0,0,0,0
Elshad1,1,0,0,0,0,0,0,0
EmadElDinH,1,0,4,0,0,0,0,0
Emilon1928,1,0,1,0,0,0,0,0
Emmanuel357,0,0,4,1,0,0,0,0
EnderWiggin14,2,0,5,2,0,0,0,0
Ending2015a,0,0,0,0,0,0,0,0
Engineer1999,1,0,1,0,0,0,0,0
EnziinSystem,1,0,0,1,0,0,0,0
EricTheRed20,1,0,0,0,0,0,0,0
EthanIrby8,1,0,3,1,0,0,0,0
Ethylbenzol,2,0,2,0,0,0,0,0
EverLookNeverSee,0,0,2,2,0,0,4,0
Expert73,1,0,2,0,0,0,0,0
FGMphys,0,0,1,0,0,0,0,0
FSet89,1,0,1,0,0,0,0,0
Fabien-Couthouis,1,0,2,1,0,0,0,0
FalsoMoralista,2,0,1,2,0,0,0,0
Fapannen,1,0,1,1,0,0,0,0
Fawcett-cpu,2,0,3,0,0,0,0,0
FdyCN,1,0,0,0,0,0,0,0
Fedour,1,0,1,0,0,0,0,0
FelixBenning,1,0,1,0,0,0,0,0
FelixHo,1,0,0,0,0,0,0,0
FindHao,1,0,1,0,0,0,0,0
Flamefire,3,0,8,1,0,0,0,0
Florent4223,1,0,6,0,0,0,0,0
FlorinAndrei,1,0,3,0,0,0,0,0
FlyWong,1,0,0,1,0,0,0,0
Foina,1,0,0,1,0,0,0,0
Foreist,1,0,1,0,0,0,0,0
Frost-fusion,1,0,1,0,0,0,0,0
FuzzyWuzzyIsABear,1,0,0,1,0,0,0,0
GCidd,1,0,1,0,0,0,0,0
GF-Huang,1,0,2,0,0,0,0,0
GHGmc2,0,0,2,0,0,0,0,0
Gaasmann,1,0,2,0,0,0,0,0
GabboM,0,0,2,0,0,0,0,0
GdoongMathew,0,0,1,0,0,0,0,0
Georgeiva,1,0,2,0,0,0,0,0
Georji-Ghosh,1,0,2,1,0,0,0,0
GerScau,1,0,1,0,0,0,0,0
Germanferraris,1,0,1,0,0,0,0,0
Ghostvv,1,0,2,0,0,0,0,0
GlauberF,1,0,1,1,0,0,0,0
Godofnothing,1,0,3,1,0,0,0,0
Gohan1989,1,0,3,0,0,0,0,0
Gojo1729,1,0,1,1,0,0,0,0
GooseXP,1,0,1,1,0,0,0,0
GravityZL,1,0,0,1,0,0,0,0
GrayWasTaken,1,0,0,1,0,0,0,0
GrigoriiTarasov,2,0,2,3,0,0,0,0
GuichardVictor,1,0,2,1,0,0,0,0
Guillaumebeuzeboc,1,0,0,1,0,0,0,0
Guneetkaur03,0,0,3,0,0,0,0,0
GuyPozner,1,0,1,0,0,0,0,0
Gynshu,0,0,1,0,0,0,0,0
H-Li24,1,0,0,0,0,0,0,0
HLSS-Hen,1,0,0,0,0,0,0,0
Haag-se,1,0,3,1,0,0,0,0
HadrienG2,1,0,0,0,0,0,0,0
Hakim777,1,0,1,0,0,0,0,0
Hana-Ali,2,0,0,1,0,0,0,0
HannaLochOlszewska,2,0,5,1,0,0,0,0
HaraBeron,0,0,1,0,0,0,0,0
HarjyotS,1,0,2,0,0,0,0,0
Hassan92Wa,1,0,0,0,0,0,0,0
Hazeline2018,1,0,3,0,0,0,0,0
Heizenber,1,0,1,1,0,0,0,0
HelloWorld19930113,2,0,3,0,0,0,0,0
Herminello,0,0,2,0,0,0,0,0
Heron-TP,0,0,1,0,0,0,0,0
HessianHunter,1,0,1,0,0,0,0,0
Hhmndsh778,0,0,0,0,0,0,10,0
Hinnerk8,1,0,4,0,0,0,0,0
Homayra22,1,0,2,1,0,0,0,0
HuaMuLanChina,1,0,0,1,0,0,0,0
Humza1996,3,0,1,0,0,0,0,0
HunderlineK,0,0,0,0,0,0,0,0
HungWoeiNeoh,1,0,0,1,0,0,0,0
IAM-P-LP,0,0,2,0,0,0,0,0
ILikeNNs,1,0,2,0,0,0,0,0
IanSMoyes,3,0,5,0,0,0,0,0
IchiruTake,1,0,1,0,0,0,0,0
Iskers,0,0,1,1,0,0,0,0
ItsMeTheBee,1,0,1,0,0,0,0,0
JCL823,1,0,3,0,0,0,0,0
JF-D,1,0,1,1,0,0,0,0
JJKK1313,2,0,7,0,0,0,0,0
JRice15,1,0,1,1,0,0,0,0
JVpltr,1,0,0,1,0,0,0,0
JW1992,0,0,2,1,0,0,0,0
JWenBin,1,0,2,0,0,0,0,0
JacdDev,1,0,2,1,0,0,0,0
JackCaoG,0,0,1,0,0,0,0,0
JackRyan4444,1,0,1,0,0,0,0,0
JafarMansouri,1,0,2,1,0,0,0,0
Jahnvi13,0,0,1,0,0,0,0,0
JakubBialy,0,1,0,0,0,0,0,0
JasonKramer525,1,0,1,0,0,0,0,0
JawadAr,1,0,3,1,0,0,0,0
Jeet1994,1,0,3,0,0,0,0,0
Jeffin21,1,0,7,0,0,0,0,0
JeffreyWardman,1,0,5,0,0,0,0,0
JerryShih,0,0,5,3,0,0,0,0
JesseLT,1,0,2,0,0,0,0,0
Jianbing-D,1,0,0,0,0,0,0,0
JiashuGuo,1,0,0,0,0,0,0,0
JimHeo,0,0,0,0,0,0,0,0
Jimut123,1,0,0,1,0,0,0,0
Joe23232,0,0,3,0,0,0,0,0
JohannSchumann,1,0,4,0,0,0,0,0
JohnG0024,1,0,2,1,0,0,0,0
Johnny-liqiang,1,0,2,1,0,0,0,0
Joocheol,1,0,2,1,0,0,0,0
JosBecker,0,0,1,0,0,0,0,0
JoseConi,1,0,1,0,0,0,0,0
JulieYao0754,0,0,1,1,0,0,0,0
JunHyunjae,2,0,0,2,0,0,0,0
Junaidkhan1809,1,0,3,1,0,0,0,0
JustinWick,1,0,1,0,0,0,0,0
KacperKromka,1,0,1,1,0,0,0,0
Kai-Beast223,1,0,0,1,0,0,0,0
Kalhama,1,0,2,0,0,0,0,0
Kariddi,0,0,3,0,0,0,0,0
Kartik14,0,0,2,0,0,0,0,0
KaterinaBao,0,0,5,0,0,0,0,0
Keezuu,3,0,3,1,0,0,0,0
Keshav2829,1,0,1,1,0,0,0,0
KevSr,1,0,1,1,0,0,0,0
Kewenjing1020,3,0,6,2,0,0,0,0
KhawajaAbaid,1,0,1,0,0,0,0,0
Kimidoge,1,0,0,0,0,0,0,0
Kipsora,1,0,0,1,0,0,0,0
KittenYang,1,0,0,0,0,0,0,0
KonradMokiejewski,1,0,1,0,0,0,0,0
Koushik667,2,0,3,1,0,0,0,0
KukretiShubham,0,0,3,0,0,0,0,0
KumaTea,2,0,1,2,0,0,0,0
KumarSaurav366,1,0,1,1,0,0,0,0
KuoEuran,1,0,0,0,0,0,0,0
LanceNorskog,2,0,1,1,0,0,0,0
LastHorizon,3,0,5,1,0,0,0,0
LaurinHerbsthofer,0,0,1,0,0,0,0,0
Leiga,1,0,6,1,0,0,0,0
Leon-lianglyu,1,0,3,0,0,0,0,0
LeonardoPhysh,1,0,4,0,0,0,0,0
LeonhardFeiner,1,0,1,1,0,0,0,0
LeopoldACC,0,0,1,0,0,0,0,0
Lescurel,1,0,2,1,0,0,0,0
LeslieGe,1,0,1,1,0,0,0,0
Lihengwannafly,1,0,1,0,0,0,0,0
LijaAlex12,1,0,1,1,0,0,0,0
LinJM,1,0,2,1,0,0,0,0
Linging,0,0,1,0,0,0,0,0
Litchilitchy,2,0,3,1,0,0,0,0
Liujingxiu23,1,0,2,1,0,0,0,0
Llamrei,0,0,4,0,0,0,0,0
Loganpi,1,0,2,1,0,0,0,0
LogicNg,1,0,2,1,0,0,0,0
LucasColas,4,0,11,0,0,0,0,0
LucasStromberg,1,0,2,0,0,0,0,0
Lucasbravo1,1,0,1,0,0,0,0,0
Lucy20211,6,0,6,2,0,0,0,0
LudwigStumpp,0,0,2,0,0,0,0,0
LukeBolly,1,0,1,1,0,0,0,0
LukeWood,1,0,1,0,0,0,0,0
Lunchb0ne,1,0,2,1,0,0,0,0
Luoxiaoyu828,1,0,1,0,0,0,0,0
LutzWeischerFujitsu,2,0,4,1,0,0,0,0
MAHESH47T,1,0,5,1,0,0,0,0
MGBtrust,0,0,1,0,0,0,0,0
MIHIRKHAMBETE,1,0,1,1,0,0,0,0
MR-T77,0,0,1,0,0,0,0,0
MTawfik93,1,0,0,1,0,0,0,0
MaanasArora,0,0,4,0,0,0,0,0
Mabedin00,1,0,1,0,0,0,0,0
Malikammi,1,0,1,0,0,0,0,0
ManojKumarTiwari,1,0,0,1,0,0,0,0
MansBermell,1,0,2,0,0,0,0,0
Maratyszcza,0,0,14,0,1,0,0,0
MarkDaoust,3,0,21,11,14,1,0,0
Marmotte06,1,0,3,0,0,0,0,0
MaruthiKo,0,0,1,0,0,0,0,0
Mastiff37,2,0,4,1,0,0,0,0
MatejHl,1,0,2,1,0,0,0,0
MattConley,0,0,2,0,0,0,0,0
MatthiasHertel80,0,0,2,0,0,0,0,0
MaudDestree,1,0,2,1,0,0,0,0
Maximevdm,1,0,1,0,0,0,0,0
MaxxTr,2,0,2,0,0,0,0,0
MePando,1,0,0,1,0,0,0,0
MedAbdelkaderAbba,1,0,2,1,0,0,0,0
MeghaGhosh,1,0,2,1,0,0,0,0
MeghnaNatraj,0,0,15,5,13,4,1,0
MeysamSMH7,2,0,5,1,0,0,0,0
MichaelOdermatt,1,0,0,1,0,0,0,0
Michal-Kolomanski,1,0,6,1,0,0,0,0
Migateak,0,0,3,1,0,0,0,0
MiladShahidi,0,0,2,0,0,0,0,0
MinasTyuru,1,0,2,0,0,0,0,0
Misoknisky,1,0,3,1,0,0,0,0
MoWitek,1,0,0,1,0,0,0,0
Moaaz421,0,0,2,0,0,0,0,0
MohamedNourArm,0,0,0,0,0,0,0,0
Mohitkumar6122,1,0,2,1,0,0,0,0
Mon3am,1,0,1,0,0,0,0,0
MopsieX,0,0,1,0,0,0,0,0
MorganR,0,0,1,0,0,0,0,0
Moronixo,1,0,6,1,0,0,0,0
Mouradost,1,0,1,0,0,0,0,0
Mr-Nineteen,1,0,1,0,0,0,0,0
MrAru,1,0,0,1,0,0,0,0
MrCrazyCrab,1,0,1,0,0,0,0,0
Mrlyk423,3,0,2,1,0,0,0,0
MuSamiNaf,1,0,1,0,0,0,0,0
Muennighoff,1,0,2,1,0,0,0,0
Mullich123,2,0,8,3,0,0,0,0
MusheAbdulHakim,1,0,2,1,0,0,0,0
N1ckx,1,0,2,0,0,0,0,0
NA-Dev,1,0,1,0,0,0,0,0
NEGU93,3,0,8,4,0,0,0,0
NEWPLAN,1,0,0,1,0,0,0,0
NMRobert,1,0,0,0,0,0,0,0
NSTiwari,0,0,0,1,0,0,0,0
Nabil-tf,1,0,0,0,0,0,0,0
Nafees-060,1,0,0,1,0,0,0,0
Namangarg110,0,0,0,1,0,0,0,0
Nason-S,1,0,1,1,0,0,0,0
NasonZ,1,0,1,0,0,0,0,0
NathanHowell,0,0,2,0,0,0,0,0
NeRR0,1,0,3,0,0,0,0,0
Neeraj1108Yadav,1,0,5,0,0,0,0,0
Neha10252018,1,0,1,0,0,0,0,0
Nehap-27,1,0,1,0,0,0,0,0
NeilGirdhar,0,0,1,0,0,0,3,0
Neilblaze,0,0,0,0,0,0,0,0
Nekto89,1,0,1,0,0,0,0,0
NeoZhangJianyu,0,0,5,0,0,0,0,0
Neronjust2017,1,0,2,0,0,0,0,0
Neutrino0532,1,0,4,0,0,0,0,0
Nhiem,1,0,0,0,0,0,0,0
NicolayP,1,0,0,1,0,0,0,0
NihalHarish,1,0,2,0,0,0,0,0
NikosSpanos,0,0,4,1,0,0,0,0
Nirzak,0,0,4,0,0,0,0,0
Nizarazo,1,0,1,0,0,0,0,0
NonlinearNimesh,1,0,1,0,0,0,0,0
Nytish,0,0,4,0,0,0,0,0
Oceania2018,0,2,1,0,0,0,1,0
Oezkan23,3,0,6,2,0,0,0,0
OgreTransporter,0,0,2,0,0,0,0,0
OlafEichstaedt,0,0,1,0,0,0,0,0
OliverP-1qbit,1,0,1,0,0,0,0,0
Omartara,1,0,0,1,0,0,0,0
OmriSteiner,0,0,1,0,0,0,0,0
OniReimu,2,0,5,2,0,0,0,0
OriAlpha,1,0,1,0,0,0,0,0
Orpheus23,1,0,1,1,0,0,0,0
OverLordGoldDragon,0,0,4,1,0,0,0,0
PINTO0309,3,0,5,2,0,0,0,0
PJ-Finlay,0,1,0,0,0,0,0,0
PRUBHTEJ,0,0,0,1,0,0,0,0
Palak-15,0,0,2,0,0,0,0,0
Paryavi,2,0,3,0,0,0,0,0
PatonLewis,1,0,2,0,0,0,0,0
PatriceVignola,0,0,1,2,0,0,3,0
Patrick-CH,1,0,0,0,0,0,0,0
Patrick-devX,1,0,2,0,0,0,0,0
PatroxGaurab,1,0,0,1,0,0,0,0
PaulKlinger,1,0,0,0,0,0,0,0
Peterisfar,1,0,1,0,0,0,0,0
PetrDvoracek,0,0,2,0,0,0,0,0
Phill-at-GE,1,0,2,0,0,0,0,0
Photonico,1,0,3,0,0,0,0,0
PiotrZierhoffer,0,0,2,0,0,0,0,0
PitMilan,1,0,1,0,0,0,0,0
Pranav-India,1,0,1,0,0,0,0,0
PranitModak,1,0,1,0,0,0,0,0
PrasannaVpk,0,0,2,0,0,0,0,0
Prashant-Kesharwani,1,0,2,1,0,0,0,0
PratsBhatt,0,0,2,2,0,0,0,0
Priyabrata409,1,0,1,0,0,0,0,0
PulkitSinghDev,0,0,2,0,0,0,0,0
PureTryOut,0,0,0,0,0,0,0,0
PythonFZ,1,0,0,1,0,0,0,0
Qingqingniu,1,0,1,0,0,0,0,0
Qrox,2,0,3,1,0,0,0,0
Rababalkhalifa,1,0,2,0,0,0,0,0
RadEdje,1,0,0,1,0,0,0,0
Rahn80643,2,0,1,2,0,0,0,0
Rahul2203,1,0,1,0,0,0,0,0
RainierBarrett,0,0,2,0,0,0,0,0
Raisa06,3,0,5,0,0,0,0,0
RanaBan,1,0,1,1,0,0,0,0
RarDay,1,0,4,0,0,0,0,0
RayGuo-C,3,0,2,0,0,0,0,0
RedJyve,3,0,0,1,0,0,0,0
RenoLooijmans,0,0,3,0,0,0,0,0
RhynoTime,0,0,1,0,0,0,0,0
RichardKershner-v1,1,0,1,1,0,0,0,0
Richie-yan,1,0,1,0,0,0,0,0
RifqiAW,1,0,0,1,0,0,0,0
RinozaJiffry,0,0,0,1,0,0,0,0
Rivendile,2,0,2,2,0,0,0,0
River861,1,0,4,2,0,0,0,0
RobertBiehl,0,0,3,0,0,0,0,0
RobertChenKFC,1,0,1,1,0,0,0,0
Roberto7766,1,0,0,0,0,0,0,0
Robird,2,0,2,0,0,0,0,0
RocaVincent,1,0,2,1,0,0,0,0
Rontu22,1,0,1,0,0,0,0,0
RookieZB,1,0,0,1,0,0,0,0
RostyslavUA,1,0,3,0,0,0,0,0
RunChengNi,0,0,1,1,0,0,0,0
Ruomei,1,0,0,0,0,0,0,0
RushilVerma,1,0,1,0,0,0,0,0
Ryan-Rudes,1,0,2,1,0,0,0,0
RylanSchaeffer,1,0,0,1,0,0,0,0
S99amuele,1,0,1,1,0,0,0,0
SANJAY-NT,0,0,2,0,0,0,0,0
SRaent,1,0,0,1,0,0,0,0
Saagarika99,1,0,1,0,0,0,0,0
Saduf2019,1146,0,200,27,745,386,0,0
SageAgastya,1,0,1,0,0,0,0,0
SaiSravaN-Oleti,0,0,1,0,0,0,0,0
SamTov,1,0,0,1,0,0,0,0
SamuelMarks,0,0,1,0,0,0,0,0
Samuelpenner,0,0,0,1,0,0,0,0
SanjuSoni,1,0,1,1,0,0,0,0
Saptr,0,0,3,0,0,0,0,0
SarMesga,1,0,0,0,0,0,0,0
SaschaHeyer,2,0,0,0,0,0,0,0
Sdhir,0,0,1,0,0,0,0,0
SebastianJL,1,0,2,0,0,0,0,0
SennriSyunnga,1,0,3,1,0,0,0,0
Shadowman82,0,0,0,1,0,0,0,0
Shamino0,2,0,0,0,0,0,0,0
ShengYang1,0,0,6,0,0,0,3,0
ShikharJ,2,0,0,2,0,0,0,0
Shion7581,0,0,2,1,0,0,0,0
ShiquanYu,1,0,1,1,0,0,0,0
Shiro-LK,1,0,3,0,0,0,0,0
Shobana1230,1,0,2,0,0,0,0,0
ShrinidhiSS,1,0,1,1,0,0,0,0
Shukla-Gaurav,0,0,0,0,0,0,0,0
ShyamSundhar1411,2,0,1,0,0,0,0,0
Sidong-Wei,0,0,1,0,0,0,0,0
Silver-Whiskey,0,0,2,0,0,0,0,0
Silvio-Ma,1,0,5,1,0,0,0,0
SixtyTrees,1,0,1,0,0,0,0,0
SkylerZheng,1,0,1,0,0,0,0,0
SlimSidhom,1,0,0,0,0,0,0,0
SmileTM,1,0,0,1,0,0,0,0
Smokrow,0,0,1,0,0,0,0,0
SongyiGao,1,0,1,0,0,0,0,0
Srini511,0,0,0,0,0,0,1,0
Srkshaikh5,2,0,2,0,0,0,0,0
StarOnTheSky,1,0,1,0,0,0,0,0
StatPal,1,0,0,1,0,0,0,0
StephKua,1,0,1,0,0,0,0,0
StevenShi-23,1,0,2,0,0,0,0,0
Stonepia,2,0,1,2,0,0,0,0
Subrahmanyajoshi,0,1,0,0,0,0,0,0
Sudhan97,3,0,7,1,0,0,0,0
SunAriesCN,2,0,2,1,0,0,0,0
SunBeenMoon,2,0,3,1,0,0,0,0
Sunkian,1,0,1,0,0,0,0,0
Sur3,2,0,3,1,0,0,0,0
Suraj-Upadhyay,0,0,1,0,0,0,0,0
Suraj1199,0,0,1,0,0,0,0,0
Suri12990,1,0,1,1,0,0,0,0
Susmit-A,1,0,2,0,0,0,0,0
SusuXu,0,0,1,0,0,0,0,0
SvSz,1,0,2,0,0,0,0,0
SvenWarnke,1,0,1,0,0,0,0,0
THULiusj,1,0,1,0,0,0,0,0
TIANHAO-WANG,1,0,1,0,0,0,0,0
TLCFYBJJHYYSND,1,0,3,0,0,0,0,0
TPrivat,1,0,2,1,0,0,0,0
TUT-jiayou,1,0,0,1,0,0,0,0
TVLIgnacy,0,0,0,0,0,0,0,0
TZubiri,1,0,1,1,0,0,0,0
TaahaKhan,1,0,1,0,0,0,0,0
TabshirBashar,1,0,3,1,0,0,0,0
TaeheeJeong,1,0,5,0,0,0,0,0
TakahashiYoshikazu,0,0,0,1,0,0,6,0
TekpreXyz,1,0,0,1,0,0,0,0
TensorFlow-Docs-Copybara,0,7,0,0,0,0,0,0
TensorFlow-MKL,0,0,1,0,4,0,0,0
TerenceHernandez,0,0,1,1,0,0,0,0
Tessil,2,0,4,3,0,0,0,0
TheBeaNerd,1,0,1,0,0,0,0,0
TheEnigmist,1,0,1,0,0,0,0,0
TheWindWillNotStop,0,0,1,0,0,0,0,0
Thecoderlegend101,1,0,1,1,0,0,0,0
Theelx,1,0,0,1,0,0,0,0
Thunder003,1,0,1,1,0,0,0,0
TianruiZhang,1,0,4,2,0,0,0,0
TillHa,0,0,1,1,0,0,0,0
TimCargan,1,0,0,1,0,0,0,0
TimOgden,1,0,0,1,0,0,0,0
Tingbopku,0,0,1,0,0,0,0,0
Tlevi16,1,0,1,0,0,0,0,0
ToBigboss,3,0,6,0,0,0,0,0
Tobs40,1,0,3,1,0,0,0,0
TomWildenhain-Microsoft,0,0,2,0,0,0,0,0
TomatoBoy90,1,0,4,0,0,0,0,0
ToonTalk,0,0,1,0,0,0,0,0
TrentHawkins,1,0,1,1,0,0,0,0
TriangularFarOutPoint,1,0,0,1,0,0,0,0
TriptonPt,1,0,1,0,0,0,0,0
TropicalTsunami,1,0,0,1,0,0,0,0
Tshi90,1,0,1,0,0,0,0,0
Tuco3333,1,0,0,0,0,0,0,0
TylerADavis,0,0,3,0,0,0,0,0
TylerLeonhardt,0,0,1,0,0,0,0,0
Tylersuard,1,0,2,0,0,0,0,0
UnickSoft,1,0,2,0,0,0,0,0
UrmsOne,3,0,5,0,0,0,0,0
UsharaniPagadala,762,0,60,2,332,153,0,0
VasyaSmolyar,1,0,2,0,0,0,0,0
Vaunorage,2,0,2,2,0,0,0,0
VegetableWithChicken,0,0,1,1,0,0,0,0
VenuGopalVasarla,1,0,1,0,0,0,0,0
VernengoSimone,1,0,1,1,0,0,0,0
VertexC,1,0,0,1,0,0,0,0
Victrid,0,0,0,1,0,0,0,0
VihangaAW,2,0,0,2,0,0,0,0
VincentYu68,1,0,1,1,0,0,0,0
VirVisha,2,0,3,1,0,0,0,0
VivekPanyam,1,0,2,0,0,0,0,0
Volker-Weissmann,1,0,3,1,0,0,0,0
WZMIAOMIAO,1,0,1,0,0,0,0,0
WannesBouwen,2,0,1,0,0,0,0,0
WayneHsiao0225,1,0,2,0,0,0,0,0
WeiChungChang,2,0,2,0,0,0,0,0
WeichenXu123,1,0,0,1,0,0,0,0
WesleyKhoiVo,0,0,1,1,0,0,0,0
WhiteFangBuck,0,0,3,0,0,0,0,0
WindQAQ,4,0,33,2,2,0,12,0
WingsOfPanda,1,0,2,0,0,0,0,0
WittyLLL,1,0,4,0,0,0,0,0
Wmir,1,0,2,1,0,0,0,0
WoJiaYouTingShu,1,0,2,1,0,0,0,0
WoutRuyters,0,0,4,1,0,0,0,0
Wwwwei,1,0,2,1,0,0,0,0
WzwzzZ,1,0,0,1,0,0,0,0
XDSwang,4,0,4,2,0,0,0,0
XXZhou25,2,0,3,1,0,0,0,0
Xhark,0,0,10,2,5,2,0,0
XiaoyuHy,1,0,1,0,0,0,0,0
YIMINGMA,0,0,2,0,0,0,0,0
YR123-123,1,0,0,0,0,0,0,0
Yakshith-Ramesh,0,0,5,1,0,0,0,0
YangHan-Morningstar,0,0,6,1,0,0,0,0
YannPourcenoux,2,0,1,1,0,0,0,0
Yannik1337,2,0,3,1,0,0,0,0
YanqingWu,1,0,1,0,0,0,0,0
YodaEmbedding,1,0,2,1,0,0,0,0
Yoline777,1,0,1,0,0,0,0,0
YongyuG,0,0,1,0,0,0,0,0
YonitZall,0,0,1,0,0,0,0,0
Yonma,0,0,2,1,0,0,0,0
YooSungHyun,1,0,0,1,0,0,0,0
Yosonix,1,0,1,0,0,0,0,0
YouCantHandleMyOPness,1,0,1,1,0,0,0,0
Young768,3,0,2,2,0,0,0,0
Yu-Hang,3,0,3,3,0,0,0,0
YuriyTigiev,1,0,5,1,0,0,0,0
Yurushia1998,1,0,9,0,0,0,0,0
Yuvraj-Dhepe,1,0,2,1,0,0,0,0
ZYCCC927,1,0,1,0,0,0,0,0
ZYG151541155,1,0,3,0,0,0,0,0
Zahra-zso,0,0,1,0,0,0,0,0
Zakria96,2,0,2,1,0,0,0,0
Zantares,0,0,3,0,0,0,0,0
Zardoua-Yassir,1,0,1,1,0,0,0,0
Zengyf-CVer,1,0,2,1,0,0,0,0
ZephyRUXS,1,0,0,0,0,0,0,0
ZeroOut,0,0,2,0,0,0,0,0
Zethson,0,0,1,0,0,0,0,0
Zhang-Mengfan,0,0,1,0,0,0,0,0
Zhuxinpei,4,0,5,3,0,0,0,0
Zodaztream,1,0,7,0,0,0,0,0
ZoeZhang91,1,0,3,1,0,0,0,0
Zotec-exe,1,0,1,0,0,0,0,0
Zumbalamambo,2,0,4,1,0,0,0,0
a1391651300,2,0,3,0,0,0,0,0
aaltonenzhang,1,0,1,0,0,0,0,0
aarju123,0,0,2,0,0,0,0,0
aaudiber,0,0,36,6,17,2,1,0
aayushnair1126,1,0,1,0,0,0,0,0
abattery,383,0,167,60,52,239,85,0
abby-93,1,0,2,0,0,0,0,0
abdallah1097,1,0,2,0,0,0,0,0
abdulbasitds,1,0,2,1,0,0,0,0
abhijit1247,2,0,1,1,0,0,0,0
abhilash1910,0,0,0,1,0,0,0,0
abhinav-upadhyay,0,0,0,0,0,0,0,0
abhinavsp0730,0,0,1,0,0,0,0,0
abolotnov,1,0,1,1,0,0,0,0
acmilannesta,1,0,0,1,0,0,0,0
acuskev,1,0,2,0,0,0,0,0
ad12,1,0,0,1,0,0,0,0
adaitche,0,0,1,0,0,0,0,0
adalseno,0,0,3,1,0,0,0,0
addy1997,1,0,5,0,0,0,0,0
aditisaluja5,0,0,1,0,0,0,0,0
adityamohan29,0,0,1,0,0,0,0,0
adriangay,1,0,1,1,0,0,0,0
adriangb,3,0,0,1,0,0,0,1
advaitjain,368,72,79,40,37,18,107,2
aecelaya,1,0,1,1,0,0,0,0
aemerson,0,0,1,0,0,0,0,0
agarwal-ashish,0,0,0,0,2,3,0,0
agarwalutkarsh554,0,0,3,0,0,0,0,0
ageron,0,0,1,0,0,0,0,0
agramesh1,0,0,14,0,0,0,4,0
agsci2017,1,0,0,0,0,0,0,0
ahbe,1,0,2,0,0,0,0,0
ahmadchalhoub,2,0,0,2,0,0,0,0
ahmedhajyahmed,1,0,1,1,0,0,0,0
ahtik,0,0,2,0,0,0,0,0
ahyunsoo2,1,0,1,1,0,0,0,0
aingo03304,2,0,0,3,0,0,0,0
airman00,2,0,1,3,0,0,0,0
airplane2230,1,0,0,1,0,0,0,0
ajinkeya007,2,0,3,2,0,0,0,0
ajinkyaambatwar,1,0,1,1,0,0,0,0
akanksha4116,0,0,1,0,0,0,0,0
akarmi,0,0,1,0,0,0,0,0
akeem377,1,0,1,0,0,0,0,0
akkiss,1,0,1,1,0,0,0,0
akkshay0107,3,0,9,2,0,0,0,0
akshitadixit,1,0,8,0,0,0,0,0
akuegel,3,0,9,0,2,0,1,0
alanlegoallec,1,0,0,0,0,0,0,0
alanpurple,4,0,4,2,0,0,0,0
alanvgreen,2,0,2,0,1,0,0,0
albertonavas99,1,0,2,0,0,0,0,0
albertotonon,1,0,1,1,0,0,0,0
alecgunny,0,0,1,0,0,0,0,0
alejandroaguileraalcalde-ing,1,0,2,0,0,0,0,0
alenik01,2,0,8,2,0,0,1,0
alewir,1,0,3,1,0,0,0,0
alex-sokolov2011,1,0,2,1,0,0,0,0
alexanderfrey,0,0,1,0,0,0,0,0
alexartwww,1,0,2,0,0,0,0,0
alexbaras,1,0,1,1,0,0,0,0
alexispascual,0,0,1,0,0,0,0,0
alexispomares,1,0,1,0,0,0,0,0
alexmil2019,1,0,2,1,0,0,0,0
alextp,0,0,1,0,0,0,0,0
alexyinxuanyu,1,0,1,0,0,0,0,0
aliceruget,2,0,1,0,0,0,0,0
aliencaocao,1,0,2,0,0,0,0,0
aligoglos,1,0,1,0,0,0,0,0
alih552,0,0,0,0,0,0,0,0
alkaris2,1,0,0,0,0,0,0,0
all-over-the-place,1,0,1,0,0,0,0,0
allenl,0,0,1,0,0,0,0,0
allenlavoie,0,0,34,5,0,0,8,0
allevato,0,0,1,0,0,0,0,0
aloizo03,2,0,3,1,0,0,0,0
alphaX86,1,0,4,0,0,0,0,0
amahendrakar,1595,0,159,22,572,269,0,0
amandal-cad,0,0,0,1,0,0,0,0
ameyparanjape,1,0,3,0,0,0,0,0
amicotin,1,0,1,1,0,0,0,0
amitport,1,0,0,0,0,0,0,0
ammarchalifah,0,0,1,0,0,0,0,0
amogh7joshi,0,0,6,0,0,0,2,0
anandece4u,1,0,1,0,0,0,0,0
anavanab99,2,0,3,0,0,0,0,0
ando0689,1,0,1,1,0,0,0,0
andophine,1,0,0,1,0,0,0,0
andreABbauer,0,0,2,1,0,0,0,0
andregarcia,1,0,1,1,0,0,0,0
andreixxi,3,0,4,2,0,0,0,0
andreperezmaselco,1,0,0,1,0,0,0,0
andrew-leaver,0,0,1,0,0,0,0,0
andrewstanfordjason,0,0,0,1,0,0,0,0
andrewstevens-infineon,2,0,1,1,0,0,0,0
andyly,0,0,1,0,0,0,0,0
angerson,2,0,38,4,10,0,10,0
angsiokcheng,1,0,1,0,0,0,0,0
anilnishad19799,1,0,1,0,0,0,0,0
anirudh161,0,0,2,1,0,1,1,0
ankit1-iitbhu,1,0,1,0,0,0,0,0
ankitShuklaDev,0,0,1,1,0,0,0,0
annarev,0,0,10,0,0,0,0,0
annietllnd,1,0,0,0,1,0,0,2
annyan09023,0,0,2,2,0,0,0,0
anoldmaninthesea,1,0,0,1,0,0,0,0
anonymous-313,0,0,1,0,0,0,0,0
anshkumar,1,0,0,0,0,0,0,0
ant-pls-dev,1,0,1,0,0,0,0,0
anth2o,1,0,1,1,0,0,0,0
antkillerfarm,0,0,0,1,0,0,0,0
antonaldo,1,0,2,1,0,0,0,0
apivovarov,0,0,1,0,0,0,0,0
apoorvgupta25,1,0,0,1,0,0,0,0
applikationsprogramvara,1,0,1,1,0,0,0,0
apramanik62,0,0,5,1,0,0,0,0
arde171,0,0,1,0,0,0,0,0
ardtrkc,4,0,2,4,0,0,0,0
aredier,1,0,1,1,0,0,0,0
arghyaganguly,1,0,2,0,0,0,0,0
ariG23498,0,0,1,0,0,0,0,0
arjunskumar,1,0,1,1,0,0,0,0
arkadeepnc,1,0,1,1,0,0,0,0
arkjedrz,0,0,3,0,0,0,0,0
armenpoghosov,0,0,0,0,0,0,0,0
armkevincheng,0,0,0,0,0,0,0,2
arnoegw,2,0,0,1,0,0,0,0
arolet,1,0,3,0,0,0,0,0
around-star,0,0,4,2,2,0,3,0
arovir01,0,2,0,0,0,0,0,0
arpans2112,1,0,1,0,0,0,0,0
arpitjjw,1,0,1,0,0,0,0,0
arsinnius,2,0,1,1,0,0,0,0
artiblaster,1,0,2,1,0,0,0,0
arubiales,1,1,2,1,0,0,0,0
arunraja-hub,2,0,5,0,0,0,0,0
arwinder24,1,0,0,1,0,0,0,0
aseelalmasholy,1,0,1,0,0,0,0,0
aseembehl,0,0,3,0,0,0,0,0
aselle,0,0,1,0,0,0,0,0
ashahab,2,0,4,1,0,0,0,0
ashahba,0,0,0,0,0,0,0,0
ashishsme14,2,0,7,0,0,0,0,0
ashraf-bhuiyan,0,0,0,1,0,0,1,0
ashutosh1919,3,0,8,1,1,0,7,0
ashwinmurthy,0,0,0,0,1,0,0,0
asimsultan,1,0,0,0,0,0,0,0
asirico,1,0,0,0,0,0,0,0
asishm-wk,1,0,0,0,0,0,0,0
asokraju,1,0,1,1,0,0,0,0
asterisk37n,1,0,2,0,0,0,0,0
asus4,0,0,3,0,0,0,0,0
aswathselvam,1,0,1,1,0,0,0,0
atahmasb,1,0,2,1,0,0,0,0
athira-ajith,0,0,2,0,0,0,0,0
atn832,0,0,3,0,0,0,0,0
atondwal,0,0,2,0,0,0,0,0
atptour2017,1,0,3,1,0,0,0,0
atreyamaj,1,0,1,0,0,0,0,0
attardi,1,0,0,1,0,0,0,0
atw1020,1,0,0,1,0,0,0,0
atyshka,2,0,3,1,0,0,0,0
aucth,1,0,3,1,0,0,0,0
augustinemune,0,0,1,0,0,0,0,0
aureleq,0,0,1,0,0,0,0,0
aurelio-amerio,1,0,1,1,0,0,0,0
author,0,0,1,0,0,0,0,0
av8ramit,0,0,2,0,3,2,4,0
available,0,0,1,0,0,0,0,0
avarmapml,0,0,0,0,0,0,0,0
avroshk,1,0,0,1,0,0,0,0
awaisbajwaml,0,0,1,1,0,0,0,0
awpr,0,0,3,0,0,0,0,0
aws,0,0,1,0,0,0,0,0
awson,1,0,2,0,0,0,0,0
axelning,1,0,5,0,0,0,0,0
axsaucedo,1,0,0,0,0,0,0,0
ayakashi-ml,1,0,1,0,0,0,0,0
ayandebbarman,1,0,1,1,0,0,0,0
aymeric75,1,0,3,0,0,0,0,0
azazhu,0,0,7,2,0,0,0,0
azertyken,1,0,2,1,0,0,0,0
azuryl,1,0,1,0,0,0,0,0
azziqshmsdn,1,0,1,0,0,0,0,0
b-entangled,1,0,1,1,0,0,0,0
baliakanksha,1,0,1,0,0,0,0,0
bani-intelaipg,0,0,3,0,0,0,0,0
barabanus,2,0,1,2,0,0,0,0
baranaldemir,0,0,1,0,0,0,0,0
barbaragabriella,0,0,1,0,0,0,0,0
barrypitman,1,0,0,1,0,0,0,0
bas-aarts,3,0,7,0,0,0,0,0
battery,0,0,1,0,0,0,0,0
bayesian-mind,1,0,1,1,0,0,0,0
bd050705,1,0,4,1,0,0,0,0
beckermr,0,0,1,0,0,0,0,0
behzad-a,1,0,0,1,0,0,0,0
benbarsdell,0,0,16,2,0,0,0,0
benjrossi,1,0,0,0,0,0,0,0
benjs,2,0,3,1,0,0,0,0
benyeoh,0,0,1,0,0,0,0,0
berendjan,1,0,0,1,0,0,0,0
bergen288,1,0,2,1,0,0,0,0
berhanpolat,1,0,7,0,0,0,0,0
bermeitinger-b,0,0,1,0,0,0,0,0
bersbersbers,1,0,1,1,0,0,0,0
bethven,1,0,1,0,0,0,0,0
bfontain,0,0,0,0,0,0,0,0
bgcgh,0,0,7,0,0,0,0,0
bhack,0,1,76,3,0,0,15,2
bhanuprakashbv,0,0,4,0,0,0,0,0
bhatuzdaname,1,0,2,0,0,0,0,0
bibbygoodwin,0,0,1,0,0,0,0,0
bioothod,0,0,2,0,0,0,0,0
bixia1,4,0,67,0,1,0,12,0
bizzyvinci,0,0,2,2,0,0,0,0
bjacob,0,0,0,0,1,0,0,0
bjkomer,1,0,2,1,0,0,0,0
bkirwi,1,0,0,0,0,0,0,0
bkovalenkocomp,1,0,0,1,0,0,0,0
blackyang,0,0,1,0,0,0,0,0
blcyzycc,1,0,2,1,0,0,0,0
bmblr497,1,0,1,0,0,0,0,0
bmd3k,0,0,0,0,1,0,1,0
bobyang9,1,0,0,0,0,0,0,0
bojake,1,0,0,1,0,0,0,0
bondhugula,2,0,5,2,1,0,0,0
bouyeshogh,1,0,1,1,0,0,0,0
bparr,1,0,1,0,0,0,0,0
bplevin36,0,0,1,0,0,0,0,0
braindotai,1,0,5,1,0,0,0,0
bratyslav,1,0,0,2,0,0,0,0
breadbread1984,1,0,2,0,0,0,0,0
brethvoice,1,0,4,0,0,0,0,0
brian654321,1,0,1,0,0,0,0,0
brianretford,0,0,0,1,0,0,0,0
brianwa84,0,0,0,0,0,0,1,0
brittle123,1,0,2,1,0,0,0,0
broken,0,0,2,0,0,0,0,0
brunovollmer,2,0,0,2,0,0,0,0
brychcy,1,2,2,0,0,0,0,0
buaaliyi,0,0,0,0,0,0,0,0
budibeta,5,0,5,2,0,0,0,0
bug-L,0,0,0,1,0,0,0,0
bugerry87,1,0,0,0,0,0,0,0
bugpromax,1,0,4,1,0,0,0,0
bugreporter450,5,0,3,0,0,0,0,0
burgerkingeater,2,0,9,0,0,0,0,0
busFred,1,0,0,1,0,0,0,0
byronyi,0,0,4,1,0,0,0,0
bzamecnik,1,2,0,0,0,0,0,0
bzr1,0,0,0,1,0,0,0,0
caggl,1,0,1,0,0,0,0,0
cah-aswini-jalla,0,0,1,1,0,0,0,0
calvuser,0,0,4,0,0,0,0,0
cantonios,0,0,6,1,0,0,4,0
casassg,0,1,0,0,0,0,0,0
catskul,1,0,1,1,0,0,0,0
ccl-private,0,0,1,0,0,0,0,0
ccrusius,0,0,0,1,0,0,0,0
cecabert,1,0,0,0,0,0,0,0
cfRod,0,1,0,0,0,0,0,0
cfrancesco,1,0,1,0,0,0,0,0
cgebbe,2,0,3,1,0,0,0,0
chalermporn17personal,1,0,2,1,0,0,0,0
charmasaur,2,0,0,0,0,0,0,1
chazuttu,0,0,1,0,0,0,0,0
chenghuige,1,0,0,1,0,0,0,0
chenmoneygithub,0,0,10,6,1,0,0,0
chenxinhua,1,0,3,0,0,0,0,0
cheshire,5,0,137,3,3,1,11,0
chethanjjj,2,0,2,0,0,0,0,0
chinya07,0,0,1,0,0,0,0,0
chiranshu14,1,0,2,0,0,0,0,0
chiseo36,1,0,1,0,0,0,0,0
chlyzzo,2,0,2,0,0,0,0,0
choff5507,1,0,2,0,0,0,0,0
chrisbutner,1,0,2,0,0,0,0,0
christisg,0,0,0,0,0,0,1,0
christopherbate,0,0,3,2,0,0,1,0
chrmarti,0,0,1,0,0,0,0,0
chsigg,1,0,86,0,2,0,0,0
chuantunglin,1,0,1,0,0,0,0,0
chudur-budur,1,0,1,0,0,0,0,0
chudyandrej,1,0,2,0,0,0,0,0
cjfghk5697,2,0,1,2,0,0,0,0
cjolivier01,0,0,0,0,0,0,0,0
ckhuangf,2,0,2,0,0,0,0,0
ckkuang,0,0,0,1,0,0,1,0
cl3m3nt,0,0,4,0,0,0,0,0
claverru,0,0,1,0,0,0,0,0
clemente0420,1,0,2,0,0,0,0,0
cliffwoolley,0,0,1,0,0,0,0,0
cmuniyappa,3,0,5,1,0,0,0,0
codePerfectPlus,2,0,3,2,0,0,0,0
coderforlife,0,0,1,0,0,0,0,0
codingpy,1,0,2,0,0,0,0,0
coert,1,0,1,0,0,0,0,0
coeuvre,0,0,0,0,0,0,1,0
coffice12,2,0,2,1,0,0,0,0
colbybanbury,0,1,0,0,0,0,0,0
collinzrj,0,0,0,0,0,0,1,0
comius,1,0,0,1,0,0,0,0
connorb573,1,0,2,1,0,0,0,0
convolutional,0,0,1,0,0,0,0,0
copybara-service[bot],0,972,0,925,0,0,0,0
coreqode,1,0,1,1,0,0,0,0
cosmoquester,0,0,1,0,0,0,0,0
cowwoc,1,0,4,1,0,0,0,0
cpcloud,0,0,0,0,0,0,1,0
cpoohee,1,0,0,0,0,0,0,0
cr0m3r0,0,0,1,0,0,0,0,0
crawlingcub,1,0,5,0,0,0,0,0
craymichael,1,0,1,0,0,0,0,0
crccw,4,0,2,1,0,0,0,0
cristianl1251,1,0,0,0,0,0,0,0
cschreib-ibex,1,0,0,0,0,0,0,0
cskiraly,0,1,0,0,0,0,0,0
cswhjiang,3,0,4,0,0,0,0,0
cuixiaom,0,0,2,0,0,0,1,0
cuneyttanrisever,1,0,4,0,0,0,0,0
curioyang,1,0,0,1,0,0,0,0
cybaj,1,0,1,0,0,0,0,0
daeing,1,0,3,0,0,0,0,0
dagongji10,0,0,2,0,0,0,0,0
dalan2014,0,0,2,0,0,0,0,0
daniel-kukiela,1,0,5,0,0,0,0,0
danielreyes9756,1,0,2,1,0,0,0,0
danielzgtg,1,0,3,0,0,0,0,0
dansitu,0,0,3,0,0,0,0,0
danzafar,1,0,1,0,0,0,0,0
dariobig,1,0,0,0,0,0,0,0
darkSKULL-labs,1,0,3,2,0,0,0,0
daschuchmann,1,0,2,1,0,0,0,0
daugraph,0,0,4,0,0,0,0,0
daun4168,1,0,0,1,0,0,0,0
daverim,0,0,16,2,14,0,0,0
dayo09,1,0,0,1,0,0,0,0
dbl001,3,0,7,1,0,0,0,0
dcbarton,0,0,2,0,0,0,0,0
ddavis-2015,179,9,28,0,49,49,92,43
ddddddreamcastle,1,0,1,0,0,0,0,0
ddeweerdt,0,0,1,0,0,0,0,0
de-code,0,0,2,0,0,0,0,0
deboss2020,0,0,2,0,0,0,0,0
deeb02,4,0,12,8,1,0,2,0
deeepwin,1,0,3,0,0,0,0,0
deluksic,1,0,0,0,0,0,0,0
demongolem-biz,1,0,0,1,0,0,0,0
dennymarcels,1,0,2,1,0,0,0,0
dependabot[bot],4,0,0,1,0,0,0,0
deprecated,0,0,1,0,0,0,0,0
dev-fr,0,0,1,0,0,0,0,0
dev0x13,0,0,1,2,0,0,0,0
deven-amd,7,7,12,0,0,0,5,0
dewball345,0,0,0,1,0,0,0,0
dexsr415,1,0,0,1,0,0,0,0
dexter2406,1,0,1,0,0,0,0,0
dfalbel,1,0,0,0,0,0,0,0
dfki-albo,0,2,4,1,0,0,0,2
dfki-jugr,0,0,0,0,0,0,0,0
dfki-thsc,0,0,2,0,0,0,0,0
dfybc,1,0,2,0,0,0,0,0
dgoldenberg-audiomack,1,0,2,0,0,0,0,0
dhakrasp,2,0,2,1,0,0,0,0
dhalnon,1,0,1,0,0,0,0,0
dhavalsays,1,0,1,0,0,0,0,0
dhirajnitk,2,0,0,2,0,0,0,0
dhoelzer,1,0,0,1,0,0,0,0
diamar338,1,0,1,0,0,0,0,0
dianchia,1,0,4,0,0,0,0,0
dihiaselma,1,0,1,0,0,0,0,0
dinesh110598,1,0,3,1,0,0,0,0
dinkdeep,2,0,1,0,0,0,0,0
dishkakrauch,1,0,2,1,0,0,0,0
div3125,1,0,3,1,0,0,0,0
divastar,1,0,2,0,0,0,0,0
divyanshjoshi,1,0,1,1,0,0,0,0
djbacad,2,0,2,1,0,0,0,0
djoshea,1,0,1,0,0,0,0,0
dlyubimov,1,0,0,0,0,0,0,0
dmey,1,0,2,0,0,0,0,0
dmidge8,1,0,3,0,0,0,0,0
dmitra79,1,0,2,0,0,0,0,0
dmitrievanthony,0,0,0,0,0,0,0,0
dmpiergiacomo,1,0,3,1,0,0,0,0
dniku,2,0,1,1,0,0,0,0
dogacbasaran,1,0,1,1,0,0,0,0
dogevspenguin,1,0,1,0,0,0,0,0
domGitDev,1,0,1,1,0,0,0,0
don-tpanic,1,0,1,1,0,0,0,0
donglimm,0,0,0,0,1,0,0,0
dosier,2,0,4,1,0,0,0,0
doubibobo,1,0,3,1,0,0,0,0
dpmcgonigle,2,0,2,1,0,0,0,0
drkhan107,0,0,3,1,0,0,0,0
druban,1,0,0,1,0,0,0,0
ds-steventondeur,0,0,1,0,0,0,0,0
dshahrokhian,1,0,2,1,0,0,0,0
dtlam26,1,0,2,1,0,0,0,0
duncanriach,0,0,5,0,0,0,12,0
dundarahmet,1,0,1,1,0,0,0,0
dushyantkumr1,0,0,2,0,0,0,0,0
dwincort,1,0,0,1,0,0,0,0
dwyatte,1,0,0,1,0,0,0,0
dyna22,1,0,0,0,0,0,0,0
dynamicwebpaige,0,0,1,0,0,0,0,0
dyoo-dev,1,0,2,0,0,0,0,0
eagle-hub,1,0,1,0,0,0,0,0
eam2000,1,0,1,0,0,0,0,0
ebraraktas,1,0,0,0,0,0,0,0
ebrevdo,0,0,1,0,0,0,0,0
ebursztein,1,0,0,0,0,0,0,0
edend10,2,0,3,2,0,0,0,0
edloper,0,0,13,1,1,0,0,0
edwardyehuang,4,0,5,1,0,0,0,0
edwardyen724-g,1,0,1,0,0,0,0,0
eedalong,1,0,1,0,0,0,0,0
eggie5,0,0,1,0,0,0,0,0
ehsanhaghighat,0,0,1,0,0,0,0,0
ek9852,3,0,3,2,0,0,0,0
ekremcet,1,0,0,0,0,0,0,0
ekuznetsov139,1,0,10,0,0,0,0,0
elfringham,2,0,1,3,0,0,0,0
eli-osherovich,5,0,9,5,0,0,5,0
eliver8801,1,0,2,0,0,0,0,0
eltociear,0,0,0,0,0,0,0,0
ematejska,0,0,0,0,0,2,2,0
embeddetech,1,0,3,0,0,0,0,0
emiliocoutinho,1,0,0,1,0,0,0,0
emre84,0,0,2,0,0,0,0,0
epiedadjr,1,0,2,1,0,0,0,0
epsilon11101,1,0,2,0,0,0,0,0
er778899789,2,0,0,2,0,0,0,0
erizen,1,0,1,0,0,0,0,0
ethkim,0,0,4,0,4,0,0,0
evalsocket,0,0,1,0,0,0,0,0
evancollins1,1,0,3,0,0,0,0,0
eveliao,1,0,1,0,0,0,0,0
evgeniya-egupova,1,0,2,0,0,0,0,0
ewilderj,0,0,1,1,2,1,0,0
ewwll,1,0,0,0,0,0,0,0
ezhulenev,0,0,33,0,0,0,0,0
fabianaferreira,1,0,1,1,0,0,0,0
fadelgaber,1,0,1,0,0,0,0,0
falcondai,0,0,1,0,0,0,0,0
fanto88,1,0,0,1,0,0,0,0
farazk86,2,0,3,0,0,0,0,0
fatihkiralioglu,1,0,1,1,0,0,0,0
fawazahmed0,1,0,2,0,0,0,0,0
fchollet,0,0,39,22,2,0,1,0
feiyouliang,1,0,2,0,0,0,0,0
felithium,1,0,0,0,0,0,0,0
felix-johnny,3,0,2,0,0,1,0,0
ferryvg,2,0,2,1,0,0,0,0
fh127,1,0,0,1,0,0,0,0
fhahaha,1,0,2,0,0,0,0,0
fireholster,1,0,2,1,0,0,0,0
fischeru,1,0,0,1,0,0,0,0
flaviu22,0,0,2,0,0,0,0,0
florianletsch,1,0,0,0,0,0,0,0
flyinskyin2013,0,0,0,1,0,0,1,0
fm966mhz,1,0,2,0,0,0,0,0
fonghyalex,1,0,1,1,0,0,0,0
fonnesbeck,2,0,3,0,0,0,0,0
foxik,1,0,1,0,0,0,0,0
foxit,0,0,1,0,0,0,0,0
francku,1,0,2,0,0,0,0,0
frankchn,0,0,9,2,7,2,1,0
fraxx001,1,0,0,0,0,0,0,0
freakytejash,1,0,0,0,0,0,0,0
freddan80,8,0,10,1,0,0,3,0
fredo838,1,0,0,0,0,0,0,0
fredrec,0,0,2,0,2,0,0,0
freedomtan,0,0,11,2,0,0,1,0
fronrfron11,1,0,1,0,0,0,0,0
frostjsy,1,0,1,0,0,0,0,0
fsinn1995,0,0,1,0,0,0,0,0
fsx950223,3,0,12,2,0,0,0,0
fvollmer,1,0,2,1,0,0,0,0
fwz-fpga,1,0,0,0,0,0,0,0
fz-29,0,0,1,0,0,0,0,0
gabrielferrazduque,0,0,1,1,0,0,0,0
gabrielpondc,1,0,1,1,0,0,0,0
galarragas,0,0,0,0,0,0,0,0
galeone,1,0,0,0,0,0,0,0
gallogiulia,0,0,3,0,0,0,0,0
ganand1,1,0,1,0,0,0,0,0
gao8954,1,0,5,0,0,0,0,0
gargn,0,0,1,0,0,0,0,0
gastan81,0,0,1,1,0,0,0,0
gatagat,1,0,1,0,0,0,0,0
gaurides,0,0,1,0,0,0,1,0
gaurxvreddy,1,0,0,0,0,0,0,0
gbaned,2549,0,136,53,1725,2172,1387,0
gdavid57,1,0,2,1,0,0,0,0
gdhy9064,1,0,1,1,0,0,0,0
geetachavan1,50,11,1,9,24,37,113,0
geo-dingky,1,0,2,0,0,0,0,0
geoffroy-noel-ddh,0,0,1,0,0,0,0,0
georgepaw,0,1,0,1,0,0,0,0
georgthegreat,0,0,0,0,0,0,0,0
gerbauz,0,0,0,0,0,0,0,0
gezmi,1,0,1,0,0,0,0,0
gg187on,1,0,3,0,0,0,0,0
gganduu,1,0,2,1,0,0,0,0
ggous,1,0,2,1,0,0,0,0
ggproRIC,1,0,3,1,0,0,0,0
ghaliayik,1,0,1,1,0,0,0,0
gharibian,0,0,0,0,0,0,0,0
ghost,0,0,1,0,0,0,0,0
ghwatson,1,0,0,0,0,0,0,0
ghylander,3,0,11,3,0,0,0,0
giancluciano,0,0,1,0,0,0,0,0
giostefa,1,0,0,1,0,0,0,0
gitgkk,1,0,1,0,0,0,0,0
githlam,0,0,1,0,0,0,0,0
github-actions[bot],0,0,0,0,0,0,0,0
gititgo,1,0,2,0,0,0,0,0
gitlabspy,1,0,1,1,0,0,0,0
gitpushdashf,1,0,0,1,0,0,0,0
gmaratos,1,0,1,1,0,0,0,0
gmatalongthewatchtower,2,0,6,0,0,0,0,0
goldiegadde,2,1,1,1,61,1,4,0
gongel,1,0,1,0,0,0,0,0
good-point-lab,1,0,4,1,0,0,0,0
google-admin,0,0,1,0,0,0,0,0
google-cla[bot],2586,0,0,0,0,0,0,0
google-ml-butler[bot],5555,0,0,811,0,2425,450,0
googlebot,2,0,144,0,0,0,0,0
gqqnbig,0,0,1,1,0,0,0,0
grantcroft,0,0,1,0,0,0,0,0
grapefruitL,0,0,1,1,0,0,1,0
gravitygo,1,0,1,0,0,0,0,0
greeshmapremaraj,0,0,1,0,0,0,0,0
grofte,1,0,2,1,0,0,0,0
gromovkg,0,0,1,0,0,0,0,0
gsoc,0,0,1,0,0,0,0,0
gt1485a,1,0,0,0,0,0,0,0
gtoderici,1,0,0,1,0,0,0,0
guillaumekln,4,0,6,1,0,0,0,0
guillaumelorre28,1,0,1,0,0,0,0,0
gunan,0,0,1,0,0,0,0,0
gunjan5489,2,0,2,0,0,0,0,0
guotong1988,2,0,4,2,0,0,0,0
guptapriya,0,0,0,0,0,0,0,0
guywilsonjr,0,0,0,1,0,0,0,0
gyin-ai,5,0,5,3,0,0,0,0
gzmkl,0,0,8,2,0,0,10,0
hadifar,1,0,1,0,0,0,0,0
haifeng-jin,0,0,1,3,0,1,0,0
haimat,3,0,4,3,0,0,0,0
hainesdata,1,0,0,2,0,0,0,0
hajuho,0,0,1,0,1,0,0,0
hakehuang,1,2,3,0,0,0,0,1
hakos,0,0,3,0,0,0,1,0
halhwadi,5,0,7,1,0,0,0,0
hanbinyoon,0,0,1,0,0,0,0,0
hanhanW,0,0,0,0,0,0,1,0
haniyeka,1,0,1,0,0,0,0,0
hankewei,1,0,1,0,0,0,0,0
hannesa2,1,0,2,1,0,0,0,0
hanzigs,1,0,0,1,0,0,0,0
haolingzhang1,1,0,1,0,0,0,0,0
haoyuz,0,0,1,0,0,0,0,0
haozha111,0,0,10,1,7,3,2,0
harishsureit,1,0,3,0,0,0,0,0
harshgeek4coder,1,0,1,0,0,0,0,0
harupy,1,0,1,1,0,0,0,0
hasanabs,1,0,2,1,0,0,0,0
hashishoya,1,0,3,0,0,0,0,0
hassan-shehawy,3,0,3,0,0,0,0,0
hawkinsp,0,0,14,1,1,1,0,0
haylie-murray,1,0,3,0,0,0,0,0
hdavis472,1,0,1,0,0,0,0,0
hemanth1823,0,0,0,1,0,0,0,0
henrique,0,0,0,0,0,0,0,0
henriwoodcock,4,0,2,4,0,0,0,0
henry8th,1,0,3,0,0,0,0,0
henryjcee,1,0,0,0,0,0,0,0
henrysky,1,0,2,1,0,0,0,0
hernandezurbina,1,0,3,1,0,0,0,0
hfahrudin,1,0,4,0,0,0,0,0
hfnvbh,1,0,1,1,0,0,0,0
hitobito2009,1,0,1,0,0,0,0,0
hiyamgh,1,0,2,0,0,0,0,0
hlya23dd,1,0,1,0,0,0,0,0
hm2092,0,0,2,0,0,0,0,0
hnqmz,1,0,1,0,0,0,0,0
hoaquocphan,1,0,1,0,0,0,0,0
hogbal,1,0,1,1,0,0,0,0
hohilwik,0,0,1,0,0,0,0,0
hojin89,0,0,3,0,0,0,0,0
hongsoog,0,0,1,0,0,0,0,0
hongye007,2,0,1,1,0,0,0,0
hoondy,1,0,2,1,0,0,0,0
hoongywan,0,0,1,0,0,0,0,0
hosford42,1,0,1,0,0,0,0,0
hotpeppeper,1,0,3,0,0,0,0,0
hotstone1993,1,0,1,1,0,0,0,0
howl-anderson,1,0,2,1,0,0,0,0
hrw,3,1,1,4,0,0,0,0
hsahovic,0,0,0,0,0,0,0,0
hthu,0,0,0,2,2,0,0,0
huangkang-chn,0,0,1,0,0,0,0,0
huangyhg,1,0,3,0,0,0,0,0
hufangjian,1,0,0,0,0,0,0,0
hunse,1,0,1,0,0,0,0,0
huxiao0,1,0,1,0,0,0,0,0
huyutao3550346,1,0,0,1,0,0,0,0
hx1997,1,0,2,1,0,0,0,0
hyang0129,1,0,2,0,0,0,0,0
hych0,1,0,1,0,0,0,0,0
hyeonsu94,1,0,0,0,0,0,0,0
hyeygit,0,0,2,0,0,0,0,0
hyuDev,1,0,2,0,0,0,0,0
i-seesharp,0,0,1,0,0,0,0,0
iLeW,1,0,1,0,0,0,0,0
ialdencoots,1,0,1,0,0,0,0,0
iamtimdavis,0,0,1,0,0,0,0,0
ianqouda,0,0,2,1,0,0,0,0
ibreschi,1,0,2,0,0,0,0,0
ichuang,0,0,1,0,0,0,0,0
idee24,1,0,1,1,0,0,0,0
ideepankarsharma2003,1,0,3,0,0,0,0,0
ido-tera-group,1,0,3,0,0,0,0,0
igor-gudich-fpc,0,0,1,0,0,0,0,0
iindyk,0,0,0,0,0,0,0,0
iiwi,0,0,1,0,0,0,0,0
imabot2,0,0,0,1,0,0,0,0
imanvk,1,0,1,0,0,0,0,0
imintz,0,0,2,0,0,0,0,0
imohamadhoseins,2,0,5,0,0,0,0,0
impjdi,0,0,29,1,11,0,0,0
inespancorbo,4,0,5,2,0,0,0,0
innat,10,0,15,11,0,0,0,0
instigatorofawe,1,0,2,0,0,0,0,0
inthewaves,1,0,0,0,0,0,0,0
ioannesKX,1,0,3,1,0,0,0,0
ion-elgreco,2,0,6,0,0,0,0,0
ipcamit,1,0,3,0,0,0,0,0
irfanumar1994,1,0,1,0,0,0,0,0
irinakhismatullina,1,0,3,0,0,0,0,0
irvifa,0,0,2,0,0,0,0,0
ishkabir1401,0,0,1,0,0,0,0,0
isuruf,0,0,1,0,0,0,0,0
iteachmachines,0,0,1,0,0,0,0,0
itmo153277,0,0,0,0,0,0,1,0
iusaspb,1,0,0,1,0,0,0,0
j-bernardi,0,0,1,0,0,0,0,1
j-i-l,0,0,1,0,0,0,0,0
jackd,3,0,5,0,0,0,0,0
jackfrost1411,1,0,2,0,0,0,0,0
jackson119,1,0,2,2,0,0,0,0
jacksonfengwa,1,0,4,1,0,0,0,0
jackwish,1,0,1,1,0,0,0,0
jackyesf,2,0,2,0,0,0,0,0
jaeyoo,0,0,1,0,1,0,0,0
jaingaurav,0,0,1,0,0,0,2,0
jainmilan,1,0,3,0,0,0,0,0
jakeh-gc,0,0,1,1,0,0,0,0
jakirkham,0,0,1,0,0,0,0,0
jalexstark,0,0,0,0,0,0,0,0
james901,1,0,1,0,0,0,0,0
jameshfisher,4,1,5,3,0,0,0,0
jamlong,1,0,5,0,0,0,0,0
jan,0,0,1,0,0,0,0,0
janoslim,1,0,2,1,0,0,0,0
japie1235813,0,0,1,0,1,1,0,0
japm48,0,0,0,0,0,0,0,0
japrogramer,1,0,2,0,0,0,0,0
jasonhillary,1,0,1,1,0,0,0,0
jasonjx-w,0,0,1,1,0,0,0,0
jay-jang,0,0,0,1,0,0,0,0
jay90099,0,0,0,1,0,0,1,0
jayagami,0,0,1,0,0,0,0,0
jaydone78,1,0,1,2,0,0,0,0
jayfurmanek,0,0,2,0,0,0,0,0
jaytoone,1,0,1,1,0,0,0,0
jayxiaojieshi,0,0,4,0,1,0,0,0
jbaiocchi,0,0,7,0,1,0,1,0
jbcaep,0,0,1,0,0,0,0,0
jdduke,4,0,7,0,7,7,2,0
jdematos,0,0,1,0,0,0,0,0
je-santos,2,0,1,1,0,0,0,0
jeball,1,0,8,0,0,0,0,0
jeisinge,1,0,0,0,0,0,0,0
jelimomaswan,1,0,0,0,0,0,0,0
jenny-pixel,1,0,0,0,0,0,0,0
jennyfothergill,0,0,1,0,0,0,0,0
jenselofsson,3,0,1,0,0,0,0,0
jensmeder,0,0,1,0,0,0,0,1
jeongukjae,0,0,5,1,0,0,0,0
jessyprociv,1,0,1,1,0,0,0,0
jestingeorgejacob1,1,0,1,0,0,0,0,0
jfinken,1,0,3,0,0,0,0,0
jgehw,0,3,0,1,0,0,0,0
jhalakpatel,0,0,2,0,0,0,0,0
jhparkwife,1,0,2,1,0,0,0,0
jhseu,0,0,0,0,0,0,0,0
jiafulow,0,0,1,0,0,0,0,0
jiangjing1989,2,0,5,0,0,0,0,0
jianku122,1,0,0,0,0,0,0,0
jianlijianli,0,0,12,0,6,4,2,0
jiannanWang,1,0,1,1,0,0,0,0
jiaojiaoYe,1,0,0,0,0,0,0,0
jiayugedede,1,0,9,0,0,0,0,0
jieheroli,1,0,1,0,0,0,0,0
jihankim,0,0,4,0,0,0,0,0
jiks-hue,1,0,1,0,0,0,0,0
jimcost,1,0,1,0,0,0,0,0
jimmylai-hk,1,0,1,0,0,0,0,0
jingpu,0,0,11,0,0,0,0,0
jiqiujia,1,0,6,0,0,0,0,0
jjoachim,1,0,0,0,0,0,0,0
jkeech,0,0,1,0,0,0,0,0
jklloyd23,1,0,1,0,0,0,0,0
jlabarbera11,1,0,0,0,0,0,0,0
jmendezv,0,0,1,0,0,0,0,0
jmhodges,0,0,1,0,0,0,0,0
jmm5491,1,0,2,1,0,0,0,0
jmunshi1990,1,0,0,0,0,0,0,0
jnphilipp,1,0,2,0,0,0,0,0
joanafilipa,0,0,3,0,0,0,0,0
joannayoo0117,1,0,1,0,0,0,0,0
joapolarbear,1,0,0,1,0,0,0,0
jocelynbaduria,2,0,5,1,0,0,0,0
joelberkeley,1,0,1,0,0,0,0,0
joeramsay,0,0,1,0,0,0,0,0
johanforslund,0,0,2,0,0,0,0,0
johannesboden,1,0,0,1,0,0,0,0
john-,1,0,0,1,0,0,0,0
johnmaccormick,0,0,2,1,0,0,0,0
johnpeach,1,0,1,0,0,0,0,0
johnvon22,0,0,0,1,0,0,0,0
jojivk73,0,0,0,0,0,0,1,0
joker-eph,12,0,32,2,4,4,1,0
jonathanlawhh,1,0,0,1,0,0,0,0
jonnymiyagi,0,0,1,0,0,0,0,0
jonpsy,1,0,0,0,0,0,0,0
joonb14,0,0,1,2,0,0,0,0
joooeey,1,0,0,1,0,0,0,0
jordan-bird,1,0,1,1,0,0,0,0
jordanhubbard,0,0,0,1,0,0,0,0
josefondrej,1,0,2,1,0,0,0,0
joyccino,1,0,1,1,0,0,0,0
jpienaar,0,0,15,0,2,0,2,0
jplu,1,0,1,0,0,0,0,0
jpmrs1313,1,0,4,1,0,0,0,0
jpodivin,0,0,0,0,0,0,2,0
jrabary,1,0,3,0,0,0,0,0
jrash33,1,0,1,0,0,0,0,0
jroakes,1,0,3,1,0,0,0,0
jseidl,0,0,1,0,0,0,0,0
jsimsa,0,0,95,1,2,2,3,0
jthibaut,1,0,7,0,0,0,0,0
juanma9613,0,0,1,0,0,0,0,0
juliangrosshauser,0,0,1,0,0,0,0,0
julng,1,0,2,1,0,0,0,0
junneyang,1,0,4,0,0,0,0,0
jurahul,0,0,9,1,2,3,0,0
justeph,1,0,0,1,0,0,0,0
justkw,1,0,0,1,0,0,0,0
juzhiyuan,0,0,0,0,0,0,0,0
jvishnuvardhan,300,1,80,33,288,101,6,0
jwallbridge,1,0,3,0,0,0,0,0
jwj04ok,4,0,1,2,0,0,0,0
jwoolley,0,0,1,0,0,0,0,0
jxnding,1,0,1,0,0,0,0,0
jysohn23,0,0,0,0,0,0,1,0
jzhoulon,0,0,11,0,0,0,2,0
k-w-w,0,0,2,1,1,0,0,0
kaanfurkan35,0,0,0,0,0,0,0,0
kabyanil,1,0,2,0,0,0,0,0
kacper-kleczewski,1,0,1,1,0,0,0,0
kaelzhang,1,0,1,0,0,0,0,0
kaixih,16,1,10,3,0,0,5,0
kalyani-o,0,0,1,0,0,0,0,0
kangdongju-peng,0,0,1,0,0,0,0,0
kaosdev,0,0,1,0,0,0,0,0
karanjakhar,1,0,7,0,0,0,0,0
karimanis,1,0,2,0,0,0,0,0
karimkalimu,1,0,2,1,0,0,0,0
karimnosseir,3,0,29,13,26,6,1,0
karrdy89,1,0,1,1,0,0,0,0
karthajee,1,0,2,1,0,0,0,0
kartik727,1,0,1,0,0,0,0,0
karundawadi,6,0,3,4,0,0,0,0
kashyapraval,0,0,3,0,0,0,0,0
kaushikb11,1,0,0,0,0,0,0,0
kaveh,0,0,1,0,0,0,0,0
kbrajwani,1,0,0,0,0,0,0,0
kdonbekci,1,0,4,0,0,0,0,0
keidav01,1,0,0,2,0,0,0,0
keisen,2,0,6,3,0,0,0,0
kellergoech,0,0,1,0,0,0,0,0
kennedyCzar,0,0,1,0,0,0,0,0
keremycdg,0,0,1,0,0,0,0,0
kevin1zc,1,0,1,1,0,0,0,0
kevininderhees,1,0,1,0,0,0,0,0
kevinkotzen,1,0,2,1,0,0,0,0
kevinlano,0,0,1,0,0,0,0,0
kevint324,1,0,3,0,0,0,2,0
khaled-alkilane,1,0,1,0,0,0,0,0
khanhlvg,0,0,3,2,4,0,0,0
kiflowb777,5,0,7,1,0,0,0,0
kimhokyung,0,2,0,0,0,0,0,0
kimwoo0,1,0,1,0,0,0,0,0
kindalime,1,0,1,1,0,0,0,0
king398,1,0,2,1,0,0,0,0
kishorekethineni,1,0,1,0,0,0,0,0
kishorkuttan,1,0,0,0,0,0,0,0
kitenko,1,0,1,0,0,0,0,0
kjkaranj,1,0,0,0,0,0,0,0
kkimdev,6,0,6,4,0,0,11,0
kmaehashi,0,0,1,0,0,0,0,0
kmalfroid,1,0,0,0,0,0,0,0
knaveen01,1,0,1,0,0,0,0,0
knightperfectionist,2,0,3,2,0,0,0,0
kokoro-team,0,0,0,0,0,0,0,0
kongyansan,1,0,1,1,0,0,0,0
konstanto21,1,0,1,0,0,0,0,0
kotran88,2,0,1,0,0,0,0,0
kozlova666,1,0,1,0,0,0,0,0
kpei,1,0,0,1,0,0,0,0
kpraving,0,0,5,2,0,0,6,0
krenerd,2,0,3,2,0,0,0,0
kreouzisv,0,0,2,1,0,0,0,0
kretes,1,0,0,0,0,0,0,0
krishdb38,1,0,3,1,0,0,0,0
kristianQh,1,0,0,1,0,0,0,0
krivokuca,0,0,1,0,0,0,0,0
kruglov-dmitry,0,0,0,0,0,0,0,0
ksangeet9ap,0,0,1,0,0,0,0,0
ksugama,0,0,2,1,0,0,0,0
ktsitsi,1,0,1,0,0,0,0,0
kukdh1,1,0,2,1,0,0,0,0
kukzile,1,0,1,1,0,0,0,0
kulinseth,0,0,11,1,0,0,2,0
kumariko,14,0,1,0,8,11,0,0
kun-lu20,1,0,3,1,0,0,0,0
kunalchamoli,1,0,0,2,0,0,0,0
kunaldas1997,1,0,4,1,0,0,0,0
kuonb,1,0,1,0,0,0,0,0
kurdsh1993,1,0,1,0,0,0,0,0
kurudinesh,1,0,5,0,0,0,0,0
kushanam,0,0,3,0,0,0,0,0
kutayk33,1,0,1,0,0,0,0,0
kvignesh1420,0,0,27,5,0,0,28,10
kwonmha,0,0,0,0,0,0,0,0
kylegerber94,1,0,1,0,0,0,0,0
l-bat,2,0,4,1,0,0,0,0
l1x,1,0,1,0,0,0,0,0
lamberta,0,0,12,3,7,4,0,0
lamyiowce,1,0,2,0,0,0,0,0
lancerutkin,1,0,1,1,0,0,0,0
laplacericky,1,0,5,1,0,0,0,0
laurence-lin,1,0,2,0,0,0,0,0
lc0,0,0,1,0,0,0,0,0
leeivan1007,1,0,3,1,0,0,0,0
leiup,1,0,1,0,0,0,0,0
lemonltea,1,0,3,0,0,0,0,0
leo513,1,0,1,1,0,0,0,0
leofang,0,0,1,0,0,0,0,0
leondgarse,1,0,1,1,0,0,0,0
letdivedeep,1,0,1,1,0,0,0,0
lev-prol,0,0,0,1,1,0,0,0
levuloihust99,1,0,0,1,0,0,0,0
lfch,1,0,1,0,0,0,0,0
lfsblack,0,0,0,2,0,0,0,0
lgariv,1,0,0,1,0,0,0,0
lgeiger,3,0,8,1,0,0,13,0
liangzelang,1,0,1,0,0,0,0,0
libbooze,1,0,1,0,0,0,0,0
lifeiwen,2,0,4,0,0,0,0,0
limdlh,4,0,9,1,0,0,0,0
liming-developer-python,1,0,2,0,0,0,0,0
linearhit,0,0,0,1,0,0,0,0
lintian06,2,0,19,1,17,9,0,0
liufengdb,0,0,13,1,14,3,4,0
liumilan,1,0,3,0,0,0,0,0
liuyanghu,0,0,1,0,0,0,0,0
liuzhiwei1997,1,0,3,0,0,0,0,0
liyinhgqw,1,0,1,0,0,0,0,0
liym27,1,0,1,0,0,0,0,0
liyunlu0618,0,0,0,0,1,0,0,0
lizhen2017,2,0,7,1,0,0,0,0
lkindrat-xmos,0,0,0,1,0,0,2,0
llfzllfz,1,0,1,0,0,0,0,0
llodds,4,0,10,4,0,0,0,0
lminer,1,0,2,0,0,0,0,0
lmocsi,0,0,6,0,0,0,0,0
lms153,1,0,0,0,0,0,0,0
lnshi,1,0,0,1,0,0,0,0
localhost,0,0,1,0,0,0,0,0
loic-ehrhardt,1,0,0,0,0,0,0,0
lonerzzz,0,0,1,0,0,0,0,0
lonway,3,0,5,0,0,0,0,0
loretoparisi,2,0,5,1,0,0,0,0
lostmsu,1,0,2,0,0,0,0,0
louis925,1,0,0,0,0,0,0,0
louis960126,1,0,1,0,0,0,0,0
loweew,1,0,1,0,0,0,0,0
lpc806835212,1,0,0,0,0,0,0,0
lshug,1,0,2,1,0,0,0,0
lsj1213m,1,0,1,1,0,0,0,0
lu-wang-g,0,0,17,3,8,3,2,0
luca992,1,0,0,0,0,0,0,0
lucacampanella,1,0,0,0,0,0,0,0
lucapericlp,1,0,0,0,0,0,0,0
luckmoon,1,0,1,0,0,0,0,0
lucy0828,1,0,0,1,0,0,0,0
ludgerh,1,0,0,0,0,0,0,0
lugalUrim,11,0,18,3,0,0,0,0
luisArandas,1,0,2,0,0,0,0,0
luisleee,0,0,3,0,0,0,0,0
luozhouyang,0,0,5,0,0,0,0,0
lupitia1,2,0,2,2,0,0,0,0
lutzroeder,2,0,0,0,0,0,0,0
luvwinnie,1,0,2,1,0,0,0,0
lvenugopalan,0,0,0,1,0,1,0,0
lyw615,2,0,9,0,0,0,0,0
m-parchami,1,0,1,0,0,0,0,0
m0705327,1,0,1,0,0,0,0,0
m4ff,1,0,0,0,0,0,0,0
mabdulal,1,0,1,0,0,0,0,0
machineko,0,0,3,0,0,0,0,0
mahdaneh,1,0,1,0,0,0,0,0
mahmoodn,1,0,1,1,0,0,0,0
mahmoud-abuzaina,0,0,12,1,0,0,9,0
mahsajalali,1,0,1,0,0,0,0,0
main,0,0,2,0,0,0,0,0
malessandrini,1,0,2,1,0,0,0,0
malik-anhar,0,0,1,0,0,0,0,0
manakanemu,1,0,2,1,0,0,0,0
manivaradarajan,0,0,1,1,1,0,0,0
manosh7n,2,0,1,2,0,0,0,0
manp-git,2,0,6,0,0,0,0,0
mansnils,27,0,14,9,13,10,15,1
manuel-masiello,1,0,3,0,0,0,0,0
mao-jy,1,0,0,1,0,0,0,0
mao381332619,2,0,0,0,0,0,0,0
marbre,0,0,0,1,0,0,0,0
marconi1964,1,0,2,2,0,0,0,0
marcosrdac,1,0,0,1,0,0,0,0
marcusobrien,3,0,3,1,0,0,0,0
marcusturewicz,1,0,1,1,0,0,0,0
mariaHit,0,0,1,0,0,0,0,0
markalavin,2,0,3,1,0,0,0,0
markf-gc,0,0,4,0,0,0,0,0
markodjordjic,1,0,2,0,0,0,0,0
markstrefford,1,0,0,0,0,0,0,0
marktodisco,1,0,1,1,0,0,0,0
markub3327,3,0,8,0,0,0,0,0
martiningram,0,0,1,0,0,0,0,0
martinwicke,0,0,1,0,0,0,0,0
martis-chromium,0,0,0,0,0,0,1,0
mateusz-holenko,0,0,0,1,0,0,0,0
mathgaming,1,0,0,0,1,0,0,0
mathiasgodwin,1,0,3,0,0,0,0,0
mathshangw,2,0,2,1,0,0,0,0
mattdangerw,0,0,10,2,0,0,0,0
matthew-pickett,1,0,0,0,0,0,0,0
matthewbauer,0,1,0,0,0,0,0,0
matthewn4444,1,0,0,0,0,0,0,0
mattia-,1,0,4,0,0,0,0,0
mattiasthalen,1,0,1,0,0,0,0,0
mattlyon93,0,0,2,0,0,0,0,0
mattpodolak,1,0,1,1,0,0,0,0
mattxwang,0,0,2,0,0,0,0,0
maunzzz,1,0,2,1,0,0,0,0
max-poltora,1,0,3,1,0,0,0,0
max0x7ba,2,0,2,1,0,0,0,0
maxhgerlach,0,0,1,0,0,0,0,0
maximgeller,1,0,3,1,0,0,0,0
maxiwell,0,0,1,0,0,0,1,0
mbhoshen,2,0,7,1,0,0,0,0
mbobinger,1,0,2,1,0,0,0,0
mcourteaux,1,0,3,1,0,0,0,0
mcschmitz,1,0,0,0,0,0,0,0
mdable2,1,0,2,0,0,0,0,0
mdalvi,2,0,1,1,0,0,0,0
mdanatg,5,0,21,1,0,0,2,0
mdatres,1,0,2,0,0,0,0,0
mdfaijul,0,0,0,0,0,0,2,0
mdinoulis,2,0,3,0,0,0,0,0
mdtm1g14,1,0,1,0,0,0,0,0
medivh-x,1,0,0,1,0,0,0,0
mehreenjabeen,1,0,0,0,0,0,0,0
melton1968,1,0,1,0,0,0,0,0
mergian,1,0,0,0,0,0,0,0
metarutaiga,0,0,1,1,0,0,0,0
mg262,0,0,2,0,0,0,0,0
mgalgs,1,0,0,1,0,0,0,0
mgielda,0,0,1,0,0,0,0,0
mgkumar138,1,0,1,1,0,0,0,0
mgmanzanillo,1,0,1,0,0,0,0,0
mhyeonsoo,2,0,1,2,0,0,0,0
miaout17,0,0,0,0,2,3,1,0
miaowang14,0,0,8,0,5,1,0,0
micosacak,3,0,9,1,0,0,0,0
midfield,0,0,0,1,0,0,0,0
mightestDuck,0,0,1,0,0,0,0,0
mightyfapper,1,0,0,1,0,0,0,0
migod35,1,0,1,0,0,0,0,0
miguelCalado,1,0,2,1,0,0,0,0
mihaimaruseac,112,986,186,1084,587,94,28,0
mikael-epigram,1,0,3,0,0,0,0,0
miklasr,1,0,1,0,0,0,0,0
mikler,0,0,1,0,0,0,0,0
mikolajpabiszczak,2,0,0,0,0,0,0,0
miladtoutounchian,1,0,1,0,0,0,0,0
milind-prajapat,1,0,3,0,0,0,0,0
millenniumbismay,0,0,1,0,0,0,0,0
mind-mind,1,0,0,1,0,0,0,0
mingting,0,0,1,0,0,0,0,0
mingxingtan,0,0,3,0,0,0,2,0
minhduc66532,1,0,2,1,0,0,0,0
mipsan,1,0,4,1,0,0,0,0
mishc9,0,0,4,1,0,0,0,0
mitramir55,1,0,5,0,0,0,0,0
mittkongg,0,0,1,0,0,0,0,0
mjbedford2017,1,0,2,0,0,0,0,0
mkc-sa,1,0,0,1,0,0,0,0
mlech26l,1,0,3,0,0,0,0,0
mlinke-ai,1,0,0,1,0,0,0,0
mmartial,1,0,3,1,0,0,0,0
mofanv,2,0,0,2,0,0,0,0
mohamedadaly,0,0,1,0,0,0,0,0
mohammedayub44,1,0,1,0,0,0,0,0
mohantym,141,0,25,0,56,16,0,0
moldach,1,0,1,0,0,0,0,0
momen,1,0,1,0,0,0,0,0
monacv,5,0,3,3,0,0,0,0
monajalal,1,0,1,0,0,0,0,0
monicadsong,0,0,0,2,1,0,1,0
monzer511,1,0,1,0,0,0,0,0
moonj94,1,0,0,0,0,0,0,0
mortalx2,1,0,3,0,0,0,0,0
mostafa1231,1,0,1,0,0,0,0,0
motionlife,0,0,1,0,0,0,0,0
mpkuperman,1,0,1,1,0,0,0,0
mrpdaemon,0,0,3,0,0,0,0,0
mrry,0,0,3,0,0,0,0,0
mrtpk123,2,0,1,2,0,0,0,0
mrwunderbar666,1,0,2,0,0,0,0,0
mryusefVahedi01,0,0,2,0,0,0,0,0
mt300,0,0,0,1,0,0,0,0
mtamburro,1,0,4,1,0,0,0,0
mukul74,1,0,1,1,0,0,0,0
multiverse-tf,0,0,31,4,16,5,2,0
mushtaqsyed,2,0,5,0,0,0,0,0
muxamilian,1,0,4,0,0,0,0,0
myarist,1,0,1,1,0,0,0,0
myoung3,1,0,0,2,0,0,0,0
mzhaom,1,0,2,0,0,0,0,0
n2cholas,0,0,1,0,0,0,2,0
n33lkanth,0,0,1,0,0,0,0,0
nSircombe,0,0,0,0,0,0,0,0
nadavbra,1,0,2,0,0,0,0,0
najme22,1,0,1,0,0,0,0,0
namaannn,0,0,1,0,0,0,0,0
nammbash,0,0,2,0,0,0,4,0
namursag,2,0,2,1,0,0,0,0
nan,0,0,0,0,0,0,0,0
napoleonwar,0,0,2,0,0,0,0,0
nauyan,1,0,1,0,0,0,0,0
navid71,0,0,2,1,0,0,0,0
nayrr25,2,0,3,0,0,0,0,0
nazhimkalam,0,0,0,2,0,0,0,0
nbro,1,0,2,1,0,0,0,0
nch1997,2,0,2,1,0,0,0,0
nectario,1,0,1,0,0,0,0,0
neel04,2,0,2,1,0,0,0,0
neenaloysius,1,0,5,0,0,0,0,0
neesetifa,1,0,0,0,0,0,0,0
nefario7,1,0,0,0,0,0,0,0
neiev,1,0,1,0,0,0,0,0
neso613,5,0,11,3,0,0,0,0
neta111111,1,0,0,1,0,0,0,0
netfs,0,0,0,0,0,0,1,0
neuronblack,1,0,1,1,0,0,0,0
nfbalbontin,2,0,0,2,0,0,0,0
nfelt,0,0,0,0,1,0,0,0
nhutthanh340,1,0,1,0,0,0,0,0
niciBume,1,0,2,1,0,0,0,0
nickkchenn,1,0,1,0,0,0,0,0
nicolaspi,2,0,3,2,0,0,0,0
nicolasshu,1,0,2,0,0,0,0,0
nicolaswilde,0,0,2,1,0,0,0,0
nidhalrahali,0,0,1,1,0,0,0,0
nielsnpo,1,0,1,0,0,0,0,0
nikhilAgarwalM,1,0,0,0,0,0,0,0
nikhilnaregal,1,0,1,0,0,0,0,0
nikitamaia,45,0,40,9,39,9,0,0
nitsanhasson,1,0,2,1,0,0,0,0
nixmeer,1,0,1,0,0,0,0,0
njeffrie,10,1,18,1,3,2,20,0
njzjz,0,0,1,0,0,0,0,0
nkjulia,1,0,2,1,0,0,0,0
nkreeger,0,0,1,0,0,0,0,0
nluehr,0,0,76,0,0,0,2,0
nmcardoso,0,0,0,0,0,0,0,0
nmfisher,1,0,1,1,0,0,0,0
nnigania,0,0,1,0,0,0,0,0
nobutoba,0,0,1,1,0,0,0,0
noim210,0,0,2,0,0,0,0,0
noorraghib12,1,0,1,0,0,0,0,0
noppelmax,2,0,2,0,0,0,0,0
normanheckscher,0,0,1,0,0,0,0,0
notnotype,1,0,2,1,0,0,0,0
notooth1,1,0,2,0,0,0,0,0
notoverride,0,0,2,0,0,0,0,0
notprime,1,0,1,0,0,0,0,0
notsinkingtitanic,1,0,1,0,0,0,0,0
nouiz,0,0,18,2,1,0,4,0
npanpaliya,0,0,5,1,0,0,0,0
nscotto,1,0,0,0,0,0,0,0
ntyoshi,1,0,1,0,0,0,0,0
nullable,0,0,1,0,0,0,0,0
numan-hussain,1,0,0,1,0,0,0,0
nvining-work,0,0,10,0,0,0,0,0
nyadla-sys,0,0,13,1,0,0,0,0
nyanye,1,0,2,0,0,0,0,0
o0stsou0o,2,0,9,0,0,0,0,0
oberon98,0,0,1,0,0,0,0,0
obtu,1,0,2,0,0,0,0,0
ocaff1,1,0,2,1,0,0,0,0
offthewall123,1,0,0,0,0,0,0,0
ogreyesp,0,0,1,1,0,0,0,0
ohld,0,0,1,0,0,0,0,0
ojj11,0,0,2,0,0,0,0,0
old-school-kid,2,0,9,3,0,0,0,0
omalleyt12,0,0,6,2,0,0,1,0
omerbrandis,1,0,1,0,0,0,0,0
omerferhatt,0,0,1,1,0,0,0,0
one-two-one-two,0,0,1,0,0,0,0,0
onyx22574,1,0,1,0,0,0,0,0
oqusous,1,0,1,0,0,0,0,0
oracle3001,2,0,1,2,0,0,0,0
oresttokovenko,1,0,1,1,0,0,0,0
otavio-silva,1,0,0,0,0,0,0,0
othrif,2,0,2,2,0,0,0,0
oubathAI,1,0,0,1,0,0,0,0
ouclbc,0,0,1,1,0,0,0,0
owenliang,1,0,1,0,0,0,0,0
p-deol,1,0,1,1,0,0,0,0
pabloduque0,1,0,0,1,0,0,0,0
paciorek,1,0,3,0,0,0,0,0
pacospace,1,0,5,1,0,0,0,0
pak-laura,0,0,1,0,0,0,0,0
palonso,1,0,0,1,0,0,0,0
pandrey-fr,0,0,1,0,0,0,0,0
pankajkasar,1,0,2,1,0,0,0,0
park-junha,0,0,2,0,0,0,0,0
parsa-ra,1,0,0,0,0,0,0,0
parthjdoshi,2,0,1,1,0,0,0,0
pashu123,0,0,1,1,0,0,1,0
pathikg,2,0,3,1,0,0,0,0
patilaum,0,0,2,1,0,0,0,0
patriklaurell,4,0,8,1,0,0,2,1
paulemoe,1,0,2,0,0,0,0,0
paulgavrikov,1,0,1,1,0,0,0,0
pawansingh1610,0,0,2,0,0,0,0,0
pawelborkar,0,0,2,1,0,0,0,0
pawelpiskorski,0,0,1,0,0,0,0,0
pawlick2,1,0,2,0,0,0,0,0
pbk0,1,0,1,1,0,0,0,0
pedro-abundio-wang,1,0,7,1,0,0,0,0
pedro-r-marques,2,0,8,2,0,0,7,0
pedrogalher,1,0,4,1,0,0,0,0
peiwenhuang27,1,0,0,0,0,0,0,0
pengyuan,1,0,1,0,0,0,0,0
penpornk,30,1,91,4,1,0,29,0
perfinion,1,0,5,0,0,0,1,0
peri044,1,0,1,0,0,0,0,0
pesekon2,1,0,2,0,0,0,0,0
peteboothroyd,1,0,1,1,0,0,0,0
peter197321,2,0,3,0,0,0,0,0
petewarden,13,0,22,0,3,0,4,0
petronny,0,0,2,0,0,0,0,0
pfmoore,0,0,1,0,0,0,0,0
philipphack,0,0,9,2,0,0,11,4
pifon2a,0,0,0,0,1,0,0,0
piiswrong,1,0,1,0,0,0,0,0
pitocms,1,0,1,0,0,0,0,0
pjsjongsung,1,0,1,1,0,0,0,0
pkanwar23,5,0,5,4,5,1,5,0
pmixer,1,0,1,1,0,0,0,0
pn12,2,0,0,2,0,0,0,0
pnikam-cad,0,0,8,0,0,0,0,0
pnovapps,0,0,2,0,0,0,0,0
pokecheater,1,0,2,0,0,0,0,0
polkadottedwalrus,1,0,0,1,0,0,0,0
poojitharamachandra,1,0,0,1,0,0,0,0
poseidonchan,0,0,1,1,0,0,0,0
potula-chandra,1,0,3,0,0,0,0,0
powderluv,0,0,1,0,0,0,0,0
power1628,0,0,1,0,0,0,0,0
pp2015jp,1,0,0,1,0,0,0,0
pr4tgpt,0,0,1,0,0,0,0,0
prabhakarlad,2,0,4,2,0,0,0,0
pranathibl,5,0,4,1,0,0,0,0
pranavpsv,1,0,0,0,0,0,0,0
pranve,0,0,0,6,0,0,5,0
preethiseshadri518,1,0,1,0,0,0,0,0
prokotg,2,0,2,1,0,0,0,0
prudhvirajboddu,1,0,1,0,0,0,0,0
pruthvirajjadhav1,1,0,0,0,0,0,0,0
pshroff04,0,0,1,0,0,0,0,0
psybuzz,1,0,1,1,0,0,0,0
ptrivedi2610,1,0,0,0,0,0,0,0
pull[bot],0,4,0,0,0,0,0,0
puneeshkhanna,0,0,0,5,0,0,1,0
py2ai,1,0,1,0,0,0,0,0
pythonic2020,2,0,7,2,0,0,0,0
qaimHassan,1,0,1,0,0,0,0,0
qdgp,1,0,0,1,0,0,0,0
qingyunqu,0,0,0,1,0,0,0,0
qinhuan,1,0,1,1,0,0,0,0
qiuming-93,1,0,3,1,0,0,0,0
qkqk772,1,0,0,0,0,0,0,0
qlzh727,3,0,22,15,2,6,20,0
qp-qp,1,0,3,0,0,0,0,0
qqfish,0,0,1,0,0,0,0,0
quantitative-technologies,1,0,0,1,0,0,0,0
quetil,2,0,1,0,0,0,0,0
quintinwang5,0,0,2,0,0,0,0,0
qurugou,1,0,1,0,0,0,0,0
r06922090,1,0,0,1,0,0,0,0
r4nt,0,0,0,0,2,0,0,0
rTiagoS,0,0,3,0,0,0,0,0
rachthree,1,0,0,0,0,0,0,0
radiradev,1,0,1,0,0,0,0,0
raduslmn,2,0,1,1,0,0,0,0
rafak360,1,0,5,1,0,0,0,0
rafallukasik123,1,0,1,0,0,0,0,0
rafikg,1,0,2,0,0,0,0,0
rafiqhasan,1,0,3,0,0,0,0,0
raikonenfnu,0,0,0,0,0,0,0,0
rainmakerMa,0,0,1,0,0,0,0,0
rainwoodman,0,0,1,0,0,0,2,0
raj-brown,1,0,2,0,0,0,0,0
rajatsaxena,1,0,3,1,0,0,0,0
rajeshdhanda,1,0,1,1,0,0,0,0
rajsingh02,1,0,3,0,0,0,0,0
rajubhimani07,1,0,0,1,0,0,0,0
rakeshmothukuru1,1,0,2,2,0,0,0,0
ramakrse,0,0,2,0,0,0,0,0
ramram1987,0,0,1,0,0,0,0,0
random-forests,0,0,0,0,1,0,0,0
randyzhao,1,0,1,0,0,0,0,0
rangjiaheng,0,0,0,1,0,0,0,0
rani-pinchuk,1,0,1,0,0,0,0,0
raposter,1,0,7,0,0,0,0,0
raudipra,1,0,1,0,0,0,0,0
raulpopa98,1,0,1,0,0,0,0,0
raushan291,0,0,2,0,0,0,0,0
ravikyram,620,0,51,2,336,138,0,0
rawansuww,0,0,1,0,0,0,0,0
razvanra2,1,0,6,1,0,0,0,0
rchao,0,0,10,0,1,1,2,0
rcx986635,1,0,1,0,0,0,0,0
rczj2102,0,0,1,0,0,0,0,0
realbns2008,1,0,3,0,0,0,0,0
realrunner,1,0,0,1,0,0,0,0
realwsq,1,0,2,0,0,0,0,0
redmlr,2,0,8,0,0,0,0,0
rednag,0,0,1,0,0,0,0,0
reedwm,1,0,55,2,4,3,6,0
rehanguha,0,0,0,0,0,0,1,0
relativeflux,1,0,1,1,0,0,0,0
relgukxilef,1,0,1,1,0,0,0,0
remotepilotsam,1,0,1,1,0,0,0,0
renjie-liu,0,0,17,0,12,3,5,0
resera,1,0,4,0,0,0,0,0
retonym,0,0,0,0,0,0,0,0
reuvenperetz,1,0,0,0,0,0,0,0
reza-amd,0,0,1,2,0,0,5,0
rghelichi,1,0,3,0,0,0,0,0
rhdong,0,0,0,1,0,0,0,0
ricardofunke,1,0,1,0,0,0,0,0
riccrdo5,1,0,4,0,0,0,0,0
rickstaa,1,0,0,0,0,0,0,0
ricvo,1,0,4,1,0,0,0,0
rileypsmith,1,0,2,1,0,0,0,0
ritvikagrawal1,1,0,4,0,0,0,0,0
riyaj8888,1,0,2,0,0,0,0,0
rjpower,0,0,1,1,0,0,0,0
rkuester,16,5,2,2,11,10,14,0
rmccorm4,0,0,2,0,0,0,0,0
rmlarsen,0,0,1,0,0,0,0,0
rmothukuru,274,1,55,14,231,126,4,0
rnett,3,0,0,0,0,0,10,1
robert-crowe,0,0,1,0,0,0,0,0
robert-kalmar,0,0,3,0,0,0,4,0
robertlugg,1,0,0,0,0,0,0,0
robertorovella91,1,0,1,0,0,0,0,0
robinderat,1,0,1,1,0,0,0,0
robzor92,1,0,2,1,0,0,0,0
rockspring,1,0,1,0,0,0,0,0
rockyrhodes,0,0,0,0,0,0,0,0
roguedream,1,0,3,0,0,0,0,0
rohan100jain,4,0,9,2,1,2,18,0
rohanmuplara,2,0,6,1,0,0,0,0
rohanshingade,3,0,0,3,0,0,0,0
rola93,0,0,1,1,0,0,0,0
romanovzky,1,0,2,0,0,0,0,0
romerojosh,0,0,2,0,0,0,0,0
ronnist,1,0,1,1,0,0,0,0
rose-jinyang,3,0,1,0,0,0,0,0
rossGardiner,0,0,1,0,0,0,0,0
rowanz,1,0,0,1,0,0,0,0
rpasricha,1,0,2,0,0,0,0,0
rposts,2,0,0,2,0,0,0,0
rpsantosa,2,0,0,1,0,0,0,0
rrklearn2020,5,0,7,2,0,0,0,0
rsanthanam-amd,0,0,2,0,0,0,1,0
rschumi0,8,0,12,2,0,0,0,0
rsesha,0,0,2,0,0,0,0,0
rsketine,0,0,2,0,0,0,0,0
rst12,1,0,0,0,0,0,0,0
rsuderman,0,1,16,1,0,0,6,0
rsun-bdti,60,0,8,13,28,28,45,2
rthadur,144,0,20,21,65,124,59,0
ruiyq,0,0,1,0,0,0,0,0
ruler501,1,0,1,0,0,0,0,0
rumeshchakma,0,0,1,0,0,0,0,0
rushabh-v,0,0,0,0,0,0,0,0
rutvi1462,1,0,2,2,0,0,0,0
rwbfd,1,0,1,1,0,0,0,0
rxsang,0,0,2,0,0,0,0,0
rxy1212,0,0,2,0,0,0,0,0
ry,0,0,1,0,0,0,0,0
s-agar,1,0,0,0,0,0,0,0
saberkun,0,0,2,0,0,0,0,0
sachinprasadhs,44,0,15,4,38,17,0,0
sadiqj,0,0,0,0,0,0,0,0
sagniksanyal-99,1,0,0,1,0,0,0,0
sahilsngh,1,0,0,1,0,0,0,0
saida11000,1,0,3,0,0,0,0,0
saikrishna14343,2,0,3,3,0,0,0,0
saikumarchalla,477,0,27,26,338,148,0,0
sailor239,1,0,0,1,0,0,0,0
saisriker,0,0,1,0,0,0,0,0
salamaniibm,0,0,0,1,0,0,0,0
samaa,1,0,0,1,0,0,0,0
samanemami,6,0,7,7,0,0,0,0
samcom12,2,0,2,0,0,0,0,0
samueloph,0,0,1,0,0,0,0,0
samyon7,1,0,0,0,0,0,0,0
sanatmpa1,109,0,26,2,42,39,0,0
sandeep22-v,1,0,0,0,0,0,0,0
sandhyacs,1,0,4,0,0,0,0,0
sangireddysiva,0,0,0,2,0,0,4,0
sanjoy,10,0,130,3,26,9,28,0
santop29,2,0,2,0,0,0,0,0
sanyakuznezov,0,0,1,0,0,0,0,0
sasmitohrr,1,0,1,0,0,0,0,0
sat2000pts,2,0,3,0,0,0,0,0
satishpasumarthi,0,0,2,0,0,0,0,0
saxenasaurabh,0,0,36,1,1,0,2,0
sayakpaul,7,0,10,5,0,0,0,0
scarlehoff,0,0,1,0,0,0,0,0
schissmantics,14,0,11,15,0,0,0,0
sciann,2,0,3,0,0,0,0,0
sclarkson,1,0,1,0,0,0,0,0
scotthong,1,0,1,1,0,0,0,0
scottzhu,0,0,1,0,0,0,0,0
sddi,1,0,2,0,0,0,0,0
sdonatti,1,0,3,0,0,0,0,0
seanmor5,1,0,1,0,0,0,0,0
seanpmorgan,0,0,2,0,0,0,0,0
seanshpark,2,0,1,2,0,0,0,0
sebastian-sz,3,0,3,3,0,0,0,0
sebastianschramm,1,0,1,0,0,0,0,0
sebimarkgraf,1,0,1,1,0,0,0,0
sebltm,1,0,1,0,0,0,0,0
sedol1339,1,0,1,1,0,0,0,0
seermer,3,0,5,2,0,0,0,0
serach24,0,0,0,1,0,0,5,0
servandoa,1,0,1,1,0,0,0,0
seviksindia,3,0,2,0,0,0,0,0
seyeeet,0,0,1,1,0,0,0,0
sganeshb,0,0,1,0,0,0,0,0
sgolestanian,1,0,2,0,0,0,0,0
shadmanadman,0,0,1,0,0,0,0,0
shahruk10,1,0,0,1,0,0,0,0
shanakasl,1,0,0,1,0,0,0,0
shangh1,1,0,2,0,0,0,0,0
shanmukh05,1,0,12,0,0,0,0,0
shaofengzeng,0,0,4,0,0,0,0,0
shaowei-su,1,0,0,0,0,0,0,0
sharifuli,1,0,0,0,0,0,0,0
shashank2710,1,0,2,1,0,0,0,0
shashwat9kumar,0,0,1,0,0,0,0,0
shawnwang18,0,0,1,0,0,0,0,0
shbkukuk,1,0,3,1,0,0,0,0
shelldonhu,0,0,1,0,0,0,0,0
shemliang,1,0,0,1,0,0,0,0
shengy90,1,0,1,0,0,0,0,0
sherhut,1,0,17,3,2,0,3,0
shifdz,1,0,1,0,0,0,0,0
shijianliang001,2,0,2,0,0,0,0,0
shin-ka,1,0,0,0,0,0,0,0
shishaochen,0,0,0,0,0,0,0,0
shivaditya-meduri,0,1,3,1,0,0,1,0
shkarupa-alex,4,0,2,2,0,0,0,0
shobanasuresh,0,0,1,0,0,0,0,0
shoelzer,1,0,1,0,0,0,0,0
shraddhazpy,1,0,0,0,0,0,0,0
shreejalt,1,0,2,0,0,0,0,0
shuchitajain,1,0,2,1,0,0,0,0
shuence,1,0,2,1,0,0,0,0
shuki-k,1,0,3,1,0,0,0,0
shvamabps,1,0,3,0,0,0,0,0
shyamdsundar,0,0,1,0,0,0,0,0
sidharth1805,1,0,1,0,0,0,0,0
sidhartha-roy,1,0,1,0,0,0,0,0
sidhomj,2,0,0,2,0,0,0,0
sidphbot,0,0,5,1,0,0,0,0
siggi90,1,0,2,0,0,0,0,0
signallee,0,0,0,1,0,0,0,0
silingtong123,1,0,1,1,0,0,0,0
simon-berger,1,0,1,0,0,0,0,0
simonmaurer,0,0,3,0,0,0,0,0
sinduke,1,0,1,0,0,0,0,0
sivi299,1,0,1,1,0,0,0,0
sj6077,0,0,0,0,0,0,0,0
sjarus,1,3,2,2,0,0,5,0
sjs2109,0,0,0,3,0,0,0,0
sjtusmartboy,12,0,20,5,0,0,0,0
skj092,1,0,2,0,0,0,0,0
skjha1,1,0,1,0,0,0,0,0
skribm9,1,0,0,1,0,0,1,0
skywalker1990,1,0,1,0,0,0,0,0
slala2121,2,0,2,0,0,0,0,0
slim-hmidi,1,0,1,1,0,0,0,0
slowy07,0,0,0,0,0,0,2,0
smannew02,0,0,1,0,0,0,0,0
smartaquarius10,1,0,2,1,0,0,0,0
smartbooks,1,0,1,0,0,0,0,0
smedegaard,0,0,1,1,0,0,0,0
smeyg,1,0,1,0,0,0,0,0
smit-hinsu,0,0,15,0,1,0,2,0
smuzaffar,1,0,0,1,0,0,0,0
snigdhasen,1,0,4,1,0,0,0,0
snthibaud,1,0,0,0,0,0,0,0
soerenetler,0,0,1,1,0,0,0,0
sokrypton,1,0,0,1,0,0,0,0
sonal-511,0,0,1,0,0,0,0,0
sonfire86,1,0,1,0,0,0,0,0
songww,1,0,2,0,0,0,0,0
soyers,1,0,2,0,0,0,0,0
spacelg,2,0,2,1,0,0,0,0
spadiyar67,0,0,3,0,0,0,0,0
sparrow84001,1,0,2,0,0,0,0,0
spencerconnor,0,0,2,1,0,0,0,0
spirid0n,1,0,1,1,0,0,0,0
spyroot,1,0,2,0,0,0,0,0
srihari-humbarwadi,1,0,1,1,0,0,0,0
srinivasanram,2,0,2,0,0,0,0,0
srishti-pm,0,0,0,0,0,0,0,0
srjoglekar246,1,0,37,4,19,6,3,0
sseeds-reply,1,0,2,1,0,0,0,0
sseung0703,1,0,4,0,0,0,0,0
ssh352,1,0,2,0,0,0,0,0
ssiano,1,0,0,0,0,0,0,0
ssnirgudkar,2,0,6,0,0,0,0,0
ssomers,0,0,1,0,0,0,0,0
sspintel,0,0,0,1,0,0,0,0
st--,1,0,2,0,0,0,0,0
st4rfall,1,0,3,1,0,0,0,0
staehlmich,1,0,2,0,0,0,0,0
starboyvarun,10,0,23,8,0,0,0,0
staticalliam7,1,0,1,0,0,0,0,0
staticdev,2,0,0,2,0,0,0,0
staticmethod,0,0,2,0,0,0,0,0
stefan-falk,2,0,1,3,0,0,0,0
steindor,0,0,2,1,0,0,0,0
stellaraccident,0,0,19,0,0,0,0,0
stephanboner,0,0,2,0,0,0,2,0
stephanwlee,0,0,0,0,1,1,0,0
stephen-systemfriend,1,0,0,0,0,0,0,0
stephentandjiria,1,0,5,0,0,0,0,0
stephenzwj,1,0,1,0,0,0,0,0
steven-johnson,1,0,0,0,0,0,0,0
stevenf7,0,0,1,1,0,0,0,0
stevenheleah,1,0,0,0,0,0,0,0
stevenireeves,0,0,6,0,0,0,6,2
stevetsaoch,1,0,3,0,0,0,0,0
stromal,1,0,1,0,0,0,0,0
ststeinberg,1,0,1,1,0,0,0,0
sturmianseq,1,0,1,0,0,0,0,0
suakim,2,0,2,1,0,0,0,0
subopt,1,0,0,0,0,0,0,0
successAI,1,0,1,0,0,0,0,0
suharshs,0,0,1,0,0,0,0,0
suiluj,0,0,3,0,0,0,0,0
sujithsudhi,1,0,4,0,0,0,0,0
sumitbinnani,1,0,1,0,0,0,0,0
summa-code,5,0,7,1,0,0,0,0
suneeta-mall,1,0,5,0,0,0,0,0
sunoru,0,0,0,0,0,0,0,0
sunw70,2,0,1,1,0,0,0,0
sunweiliang,0,0,1,0,0,0,0,0
superbobry,0,0,0,0,0,0,0,0
superlxt,1,0,3,0,0,0,0,0
superplay1,1,0,2,0,0,0,0,0
suraj-maniyar,2,0,0,0,0,0,0,0
sushreebarsa,297,0,33,5,113,34,0,0
svobora,1,0,0,3,0,0,0,0
swapnilsayansaha,1,0,3,0,0,0,0,0
syedali1621,1,0,2,0,0,0,0,0
sylajarlind,0,0,1,0,0,0,0,0
syw2014,1,0,0,1,0,0,0,0
szihs,1,0,2,1,0,0,0,0
szutenberg,0,7,8,0,0,0,0,0
t-kalinowski,1,0,2,1,0,0,0,0
tabVersion,1,0,1,1,0,0,0,0
tachezhou1989,1,0,1,0,0,0,0,0
taesookim0412,1,0,0,1,0,0,0,0
tahaabdolkarimi,1,0,2,0,0,0,0,0
taitang96,1,0,1,3,0,0,0,0
takayoshi-k,1,0,2,0,0,0,0,0
takumatix,1,0,1,1,0,0,0,0
takumiohym,0,0,2,1,0,0,0,0
talhaanwarch,1,0,2,0,0,0,0,0
talumbau,1,0,6,1,6,0,0,0
tanguycdls,1,0,0,1,0,0,0,0
tanujdhiman,0,0,2,0,0,0,0,0
tanzhenyu,0,0,1,0,0,0,0,0
tarangmehta1195,1,0,2,0,0,0,0,0
tarik0,1,0,3,0,0,0,0,0
tavishm,1,0,3,2,0,0,0,0
taylrcawte,0,0,1,0,0,0,0,0
tbhaxor,1,0,1,1,0,0,0,0
tcervi,1,0,2,0,0,0,1,0
tcrossley17,1,0,0,0,0,0,0,0
tcwalther,0,0,2,0,0,0,1,0
teaglin,1,0,1,1,0,0,0,0
tehtea,1,0,0,1,0,0,0,0
teijeong,0,1,15,4,14,10,0,0
tejal567,1,0,2,0,0,0,0,0
tengwang0318,1,0,3,1,0,0,0,0
tenjua,0,0,1,0,0,0,0,0
tensorbuffer,1,0,1,0,0,0,0,0
tensorflow,0,0,0,0,0,0,0,0
tensorflow-bot[bot],8,0,0,0,0,1,0,0
tensorflow-jenkins,0,0,0,0,0,0,0,0
tensorflowbutler,28,0,3,7,0,0,1,0
tensorflower-gardener,0,0,1,0,0,0,0,0
ternite,0,0,1,0,0,0,0,0
terryheo,18,0,76,12,54,10,3,0
terrytangyuan,0,0,2,0,0,0,0,0
teusbenschop,0,0,1,0,0,0,0,0
tf,0,0,4,0,0,0,0,0
tf-models-copybara-bot,0,2,0,0,0,0,0,0
tfeher,0,0,23,0,0,0,0,1
tgaddair,1,0,2,1,0,0,0,0
thaink,1,1,63,9,32,2,6,0
the-it-weirdo,1,0,0,1,0,0,0,0
theAnshulGupta,1,0,2,0,0,0,0,0
theadactyl,0,0,12,0,3,0,0,0
thebinyang,1,0,0,1,0,0,0,0
theomeb,1,0,0,0,0,0,0,0
therc01,0,0,1,0,0,0,0,0
theumang100,1,0,0,0,0,0,0,0
thijstriemstra,1,0,3,0,0,0,0,0
thisisjoshstone,1,0,0,1,0,0,0,0
thisisreallife,1,0,2,1,0,0,0,0
thomasgroenli,0,0,0,0,0,0,0,0
thomasjoerg,0,0,1,0,0,0,0,0
thomultee,1,0,1,0,0,0,0,0
tianhuat,1,0,1,0,0,0,0,0
tianopino,0,0,2,0,0,0,0,0
tibbe,0,0,3,0,0,0,0,0
tilakrayal,1179,0,108,3,486,262,0,0
time,0,0,2,0,0,0,0,0
timshen91,2,0,22,0,0,0,2,0
tlemo,0,0,0,0,0,0,2,0
tlplayer,1,0,0,1,0,0,0,0
tofulawrence,0,0,0,0,0,0,0,0
tom-andersson,2,0,3,0,0,0,0,0
tom970,1,0,3,1,0,0,0,0
tomerk,0,0,18,7,2,3,1,0
tomuGo,1,0,3,1,0,0,0,0
tranduchuy682,1,0,2,1,0,0,0,0
trentlo,0,0,4,0,0,0,8,0
tricoffee,1,0,1,0,0,0,0,0
triper1022,1,0,1,1,0,0,0,0
tsbertalan,0,0,1,0,0,0,0,0
tsc2017,1,0,1,0,0,0,0,0
tsiaras,1,0,1,0,0,0,0,0
tulasiram58827,3,0,1,2,0,0,0,0
tusharvickey1999,0,0,7,0,0,0,0,0
tvheems,1,0,1,1,0,0,0,0
twkx,1,0,3,1,0,0,0,0
tyagi619,1,0,4,0,0,0,0,0
tylerwolf35,1,0,0,1,0,0,0,0
tyoc213,2,0,1,1,0,0,0,0
tywofxd,1,0,5,0,0,0,0,0
uakarsh,0,0,0,0,0,0,0,0
ucasiggcas,7,0,8,4,0,0,0,0
uchihaltachi,1,0,1,0,0,0,0,0
uebian,1,0,0,1,0,0,0,0
ugolbck,1,0,0,0,0,0,0,0
uncle-TT,1,0,0,0,0,0,0,0
uoyssim,1,0,3,1,0,0,0,0
uranusx86,1,0,2,1,0,0,0,0
user06039,1,0,5,1,0,0,0,0
uzair-ali10,0,0,1,2,0,0,0,0
v3551G,2,0,3,0,0,0,4,0
vadim-belov,1,0,0,1,0,0,0,0
vaibhavexleapsemi,1,0,0,0,0,0,0,0
vaibhavjadhav377,1,0,0,0,0,0,0,0
value03,1,0,1,0,0,0,0,0
van-68,1,0,3,0,0,0,0,0
vangalamaheshh,1,0,0,1,0,0,0,0
vanshika-653,1,0,1,0,0,0,0,0
varung,1,0,2,0,0,0,0,0
vbod,1,0,1,0,0,0,0,0
vedanshthakkar,1,0,1,0,0,0,0,0
veniciuss,0,0,1,0,0,0,0,0
victorromeo,0,0,3,0,0,0,0,0
vidlb,1,0,2,1,0,0,0,0
vijayshankarrealdeal,1,0,0,0,0,0,0,0
vikramdattu,0,0,4,0,1,0,2,0
vinayaka-polymage,0,0,2,0,0,0,0,0
vineel-concat,1,0,0,1,0,0,0,0
vinhill,0,4,1,2,0,0,0,0
vinits5,2,0,2,1,0,0,0,0
vishalkumar00,1,0,0,1,0,0,0,0
vishalyadav93,1,0,2,0,0,0,0,0
vizakshat,2,0,9,1,0,0,0,0
vjamishi,2,0,4,1,0,0,0,0
vladmos,0,0,3,0,0,0,0,0
vlasenkoalexey,0,0,0,0,0,0,0,0
vmishra2019,3,0,1,0,0,0,0,0
vnghia,1,0,10,2,0,0,14,0
vp-cad,0,0,2,0,0,0,0,0
vpirogov,0,0,1,0,0,0,0,0
vulkomilev,0,0,1,0,0,0,0,0
vybhav72954,1,0,3,0,0,0,0,0
w3sip,1,0,1,0,0,0,0,0
wages-17k,1,0,4,0,0,0,0,0
walaamm,2,0,1,0,0,0,0,0
wanbeRichMan,0,0,1,0,0,0,0,0
wang-jinghui,1,0,0,1,0,0,0,0
wang1xu,1,0,0,1,0,0,0,0
wangcaihua,0,0,1,0,0,0,0,0
wangkaisine,1,0,1,0,0,0,0,0
wangpengmit,0,0,1,1,1,0,0,0
wangsiyu,0,0,0,1,0,0,0,0
wangtz,0,0,4,0,4,6,2,0
wangwei-cmd,2,0,2,0,0,0,0,0
watermellon2018,1,0,1,0,0,0,0,0
watson1423,1,0,0,1,0,0,0,0
waynamigo,1,0,1,0,0,0,0,0
wchao1115,0,0,1,0,0,0,0,0
wchargin,0,0,0,0,0,0,1,0
wdirons,0,0,1,0,0,0,0,0
wdjose,1,0,1,1,0,0,0,1
webster1309,1,0,2,1,0,0,0,0
wei-v-wang,0,0,2,0,0,0,0,0
weiT1993,1,0,2,1,0,0,0,0
weiserhase,1,0,1,1,0,0,0,0
wenfengyu,3,0,3,3,0,0,0,0
wenjielu123,0,0,1,0,0,0,0,0
wenjingyang,1,0,1,0,0,0,0,0
wenscarl,0,0,2,2,0,0,0,1
wenwu-glagle,1,0,2,0,0,0,0,0
whatdhack,1,0,0,0,0,0,0,0
whchung,0,0,1,0,0,0,0,0
whhu,1,0,3,1,0,0,0,0
whiteRa2bit,1,0,0,0,0,0,0,0
whitehatedk,1,0,1,0,0,0,0,0
wiktoria-n,0,0,1,0,0,0,0,0
willawebb,1,0,1,0,0,0,0,0
wittmarf,1,0,2,0,0,0,0,0
wjc2b,1,0,0,1,0,0,0,0
wojciechowskidawid,0,0,0,0,0,0,1,0
wojciechp6,1,0,1,1,0,0,0,0
wolfv,0,0,1,0,0,0,0,0
woodlgz,1,0,2,1,0,0,0,0
woojh3690,1,0,2,1,0,0,0,0
woonkij,0,0,1,0,0,0,0,0
worknotalent,0,0,3,1,0,0,0,0
worldpeaceaspirer,2,0,16,2,0,0,0,0
wraveane,0,0,0,0,0,0,0,1
wuxianxingkong,3,0,4,2,0,0,0,0
wwiiiii,1,0,0,0,0,0,0,0
wwwind,0,0,1,0,0,0,0,0
wyqian1027,1,0,1,0,0,0,0,0
wyzero,0,0,1,1,0,0,12,0
xandox,0,0,0,0,0,0,1,0
xcnick,0,0,1,1,0,0,0,0
xcodz-dot,1,0,4,1,0,0,0,0
xdhmoore,0,0,0,0,0,0,0,0
xhae,0,0,3,2,3,0,0,0
xhlulu,1,0,0,1,0,0,0,0
xhochy,0,0,1,0,0,0,0,0
xiaomsky,1,0,1,1,0,0,0,0
xiedeacc,2,0,2,2,0,0,0,0
xieyi4650,1,0,1,0,0,0,0,0
xinan-jiang,0,0,0,0,0,0,0,0
xinjin95,1,0,0,1,0,0,0,0
xinsuinizhuan,1,0,1,0,0,0,0,0
xiongli520,0,0,1,0,0,0,0,0
xiongma,1,0,1,1,0,0,0,0
xmy19029,2,0,6,0,0,0,0,0
xrkffgg,0,0,0,0,0,0,0,0
xueyedamo521,1,0,2,1,0,0,0,0
xumengwei,1,0,1,0,0,0,0,0
xunbing,3,0,4,4,0,0,0,0
xunkai,0,0,1,0,0,0,0,0
xunkai55,0,0,6,2,4,3,1,0
xushanthu-2014,1,0,3,0,0,0,0,0
xwi88,0,0,1,0,0,0,0,0
xxl4tomxu98,2,0,3,0,0,0,0,0
xzy-666,3,0,8,1,0,0,0,0
yahuuu,1,0,1,0,0,0,0,0
yair-ehrenwald,50,0,13,1,0,2,15,0
yakovdan,5,0,3,1,0,0,0,0
yananchen1989,9,0,19,5,0,0,0,0
yangchengtest,1,0,2,0,0,0,0,0
yangshengdong,1,0,1,1,0,0,0,0
yangtao121,1,0,1,1,0,0,0,0
yangustc07,4,2,7,1,1,0,4,0
yangyuimmerse,1,0,0,0,0,0,0,0
yann-pourcenoux,4,0,5,3,0,0,0,0
yaochengji,0,0,0,1,0,0,0,0
yashk2810,0,0,2,2,1,1,0,0
yashkarbhari,1,0,5,0,0,0,0,0
yeshenyong,1,0,1,0,0,0,0,0
ygliu-hub,1,0,1,0,0,0,0,0
yhidaka,1,0,1,0,0,0,0,0
yiannisEfth,0,0,2,1,0,0,0,0
yilei-wu,1,0,2,0,0,0,0,0
yimeisun123,0,0,3,0,0,0,1,0
yinqihuang,1,0,1,1,0,0,0,0
yisitu,0,0,3,0,1,0,0,0
yisongsong,0,0,1,0,0,0,0,0
yixinshi,0,0,1,0,0,0,0,0
yjiangling,2,0,2,1,0,0,0,0
yjmm10,1,0,0,0,0,0,0,0
yliu07-beckman,1,0,0,0,0,0,0,0
ymodak,440,3,104,121,410,131,6,0
ymzlygw,1,0,0,1,0,0,0,0
yngwiepang,1,0,0,1,0,0,0,0
yoheimiyamoto,1,0,1,1,0,0,0,0
yonatanbitton,2,0,2,0,0,0,0,0
yongtang,17,0,11,6,0,0,33,1
yorange1,1,0,1,0,0,0,0,0
yparam98,1,0,1,1,0,0,0,0
ysyyork,2,0,3,2,0,0,0,0
yuefengz,0,0,3,2,0,0,0,0
yulong88888,1,0,1,1,0,0,0,0
yunxing,0,0,1,0,0,0,0,0
yuxiazff,1,0,1,0,0,0,0,0
yuyecreus,2,0,0,1,0,0,0,0
yuyue9284,1,0,0,1,0,0,0,0
yydxlv,1,0,1,0,0,0,0,0
yyoon,9,0,32,2,16,2,0,0
yzhwang,0,0,1,0,0,0,0,0
z,0,0,1,0,0,0,0,0
za13,1,0,3,0,0,0,0,0
zakajd,1,0,0,1,0,0,0,0
zeeshannisar,1,0,1,0,0,0,0,0
zenogantner,0,2,3,0,0,0,0,0
zerollzeng,1,0,2,1,0,0,0,0
zhangguanqun,2,0,4,0,0,0,0,0
zhangqiang-316,1,0,3,1,0,0,0,0
zhaocc1106,1,0,0,0,0,0,0,0
zhaohb,1,0,2,0,0,0,0,0
zhaoyun0071,1,0,7,0,0,0,0,0
zhaozheng09,4,0,5,6,0,0,1,1
zhengaozhaoya,0,0,0,0,0,0,0,0
zheyuye,1,0,2,1,0,0,0,0
zhitaoli,0,0,0,0,1,0,0,0
zhli12,1,0,2,1,0,0,0,0
zhonghui5207,2,0,1,0,0,0,0,0
zhousteven,1,0,2,1,0,0,0,0
zhr-ar,1,0,2,0,0,0,0,0
zhuyie,0,0,0,0,0,0,0,0
zhuzilin,0,0,4,0,0,0,6,0
ziofil,1,0,3,0,0,0,0,0
ziruizhuang,0,0,1,0,0,0,1,0
ziyeqinghan,0,0,2,0,6,0,3,0
zongweiz,0,0,1,0,0,0,0,0
zpcalan,1,0,1,1,0,0,0,0
zrss,1,0,1,1,0,0,0,0
zubaidah93,2,0,0,1,0,0,0,0
zuston,1,0,1,0,0,0,0,0
zuyezheng,1,0,1,1,0,0,0,0
zwang1995,0,0,3,1,0,0,0,0
zxiu2049,0,0,0,1,0,0,0,0
zyang498,0,0,1,0,0,0,0,0
zyberg2091,1,0,3,0,0,0,0,0
zzpmiracle,1,0,1,1,0,0,0,1
